date_id,admit_year,quarter,admit_month,month_label,week_of_year,weekday_name,weekday_num,day_of_year,full_date
20210310,2021,1,3,March    ,11,Wednesday,4,69,2021-03-10
20230226,2023,1,2,February ,9,Sunday,1,57,2023-02-26
20201218,2020,4,12,December ,51,Friday,6,353,2020-12-18
20210328,2021,1,3,March    ,14,Sunday,1,87,2021-03-28
20210110,2021,1,1,January  ,3,Sunday,1,10,2021-01-10
20190618,2019,2,6,June     ,25,Tuesday,3,169,2019-06-18
20220604,2022,2,6,June     ,23,Saturday,7,155,2022-06-04
20201010,2020,4,10,October  ,41,Saturday,7,284,2020-10-10
20230330,2023,1,3,March    ,13,Thursday,5,89,2023-03-30
20230924,2023,3,9,September,39,Sunday,1,267,2023-09-24
20220922,2022,3,9,September,39,Thursday,5,265,2022-09-22
20191115,2019,4,11,November ,46,Friday,6,319,2019-11-15
20191130,2019,4,11,November ,48,Saturday,7,334,2019-11-30
20221202,2022,4,12,December ,49,Friday,6,336,2022-12-02
20200118,2020,1,1,January  ,3,Saturday,7,18,2020-01-18
20220810,2022,3,8,August   ,33,Wednesday,4,222,2022-08-10
20230609,2023,2,6,June     ,23,Friday,6,160,2023-06-09
20231224,2023,4,12,December ,52,Sunday,1,358,2023-12-24
20190821,2019,3,8,August   ,34,Wednesday,4,233,2019-08-21
20230618,2023,2,6,June     ,25,Sunday,1,169,2023-06-18
20230620,2023,2,6,June     ,25,Tuesday,3,171,2023-06-20
20231128,2023,4,11,November ,48,Tuesday,3,332,2023-11-28
20200810,2020,3,8,August   ,33,Monday,2,223,2020-08-10
20200516,2020,2,5,May      ,20,Saturday,7,137,2020-05-16
20230515,2023,2,5,May      ,20,Monday,2,135,2023-05-15
20190721,2019,3,7,July     ,30,Sunday,1,202,2019-07-21
20220410,2022,2,4,April    ,16,Sunday,1,100,2022-04-10
20240321,2024,1,3,March    ,12,Thursday,5,81,2024-03-21
20220822,2022,3,8,August   ,35,Monday,2,234,2022-08-22
20201111,2020,4,11,November ,46,Wednesday,4,316,2020-11-11
20201021,2020,4,10,October  ,43,Wednesday,4,295,2020-10-21
20230126,2023,1,1,January  ,4,Thursday,5,26,2023-01-26
20190914,2019,3,9,September,37,Saturday,7,257,2019-09-14
20210514,2021,2,5,May      ,20,Friday,6,134,2021-05-14
20201027,2020,4,10,October  ,44,Tuesday,3,301,2020-10-27
20211114,2021,4,11,November ,47,Sunday,1,318,2021-11-14
20220909,2022,3,9,September,37,Friday,6,252,2022-09-09
20190602,2019,2,6,June     ,23,Sunday,1,153,2019-06-02
20190910,2019,3,9,September,37,Tuesday,3,253,2019-09-10
20201216,2020,4,12,December ,51,Wednesday,4,351,2020-12-16
20210918,2021,3,9,September,38,Saturday,7,261,2021-09-18
20220504,2022,2,5,May      ,19,Wednesday,4,124,2022-05-04
20191004,2019,4,10,October  ,40,Friday,6,277,2019-10-04
20240103,2024,1,1,January  ,1,Wednesday,4,3,2024-01-03
20221102,2022,4,11,November ,45,Wednesday,4,306,2022-11-02
20200303,2020,1,3,March    ,10,Tuesday,3,63,2020-03-03
20210424,2021,2,4,April    ,17,Saturday,7,114,2021-04-24
20200610,2020,2,6,June     ,24,Wednesday,4,162,2020-06-10
20210801,2021,3,8,August   ,32,Sunday,1,213,2021-08-01
20220421,2022,2,4,April    ,17,Thursday,5,111,2022-04-21
20230822,2023,3,8,August   ,34,Tuesday,3,234,2023-08-22
20200203,2020,1,2,February ,6,Monday,2,34,2020-02-03
20230103,2023,1,1,January  ,1,Tuesday,3,3,2023-01-03
20240102,2024,1,1,January  ,1,Tuesday,3,2,2024-01-02
20210213,2021,1,2,February ,7,Saturday,7,44,2021-02-13
20210113,2021,1,1,January  ,3,Wednesday,4,13,2021-01-13
20191017,2019,4,10,October  ,42,Thursday,5,290,2019-10-17
20220302,2022,1,3,March    ,10,Wednesday,4,61,2022-03-02
20240308,2024,1,3,March    ,10,Friday,6,68,2024-03-08
20210506,2021,2,5,May      ,19,Thursday,5,126,2021-05-06
20190709,2019,3,7,July     ,28,Tuesday,3,190,2019-07-09
20200209,2020,1,2,February ,7,Sunday,1,40,2020-02-09
20220715,2022,3,7,July     ,29,Friday,6,196,2022-07-15
20210409,2021,2,4,April    ,15,Friday,6,99,2021-04-09
20211001,2021,4,10,October  ,40,Friday,6,274,2021-10-01
20220522,2022,2,5,May      ,22,Sunday,1,142,2022-05-22
20220117,2022,1,1,January  ,4,Monday,2,17,2022-01-17
20220408,2022,2,4,April    ,15,Friday,6,98,2022-04-08
20221220,2022,4,12,December ,52,Tuesday,3,354,2022-12-20
20211111,2021,4,11,November ,46,Thursday,5,315,2021-11-11
20210630,2021,2,6,June     ,27,Wednesday,4,181,2021-06-30
20190827,2019,3,8,August   ,35,Tuesday,3,239,2019-08-27
20230718,2023,3,7,July     ,29,Tuesday,3,199,2023-07-18
20230813,2023,3,8,August   ,33,Sunday,1,225,2023-08-13
20200723,2020,3,7,July     ,30,Thursday,5,205,2020-07-23
20230714,2023,3,7,July     ,28,Friday,6,195,2023-07-14
20200311,2020,1,3,March    ,11,Wednesday,4,71,2020-03-11
20200304,2020,1,3,March    ,10,Wednesday,4,64,2020-03-04
20220831,2022,3,8,August   ,36,Wednesday,4,243,2022-08-31
20190617,2019,2,6,June     ,25,Monday,2,168,2019-06-17
20230206,2023,1,2,February ,6,Monday,2,37,2023-02-06
20230216,2023,1,2,February ,7,Thursday,5,47,2023-02-16
20200617,2020,2,6,June     ,25,Wednesday,4,169,2020-06-17
20230723,2023,3,7,July     ,30,Sunday,1,204,2023-07-23
20220221,2022,1,2,February ,9,Monday,2,52,2022-02-21
20191028,2019,4,10,October  ,44,Monday,2,301,2019-10-28
20230316,2023,1,3,March    ,11,Thursday,5,75,2023-03-16
20190922,2019,3,9,September,39,Sunday,1,265,2019-09-22
20240116,2024,1,1,January  ,3,Tuesday,3,16,2024-01-16
20220817,2022,3,8,August   ,34,Wednesday,4,229,2022-08-17
20231101,2023,4,11,November ,44,Wednesday,4,305,2023-11-01
20210820,2021,3,8,August   ,34,Friday,6,232,2021-08-20
20190626,2019,2,6,June     ,26,Wednesday,4,177,2019-06-26
20231006,2023,4,10,October  ,40,Friday,6,279,2023-10-06
20231001,2023,4,10,October  ,40,Sunday,1,274,2023-10-01
20210604,2021,2,6,June     ,23,Friday,6,155,2021-06-04
20200903,2020,3,9,September,36,Thursday,5,247,2020-09-03
20200712,2020,3,7,July     ,29,Sunday,1,194,2020-07-12
20240208,2024,1,2,February ,6,Thursday,5,39,2024-02-08
20200329,2020,1,3,March    ,14,Sunday,1,89,2020-03-29
20191121,2019,4,11,November ,47,Thursday,5,325,2019-11-21
20201030,2020,4,10,October  ,44,Friday,6,304,2020-10-30
20220110,2022,1,1,January  ,3,Monday,2,10,2022-01-10
20221001,2022,4,10,October  ,40,Saturday,7,274,2022-10-01
20240429,2024,2,4,April    ,18,Monday,2,120,2024-04-29
20200603,2020,2,6,June     ,23,Wednesday,4,155,2020-06-03
20190810,2019,3,8,August   ,32,Saturday,7,222,2019-08-10
20220201,2022,1,2,February ,6,Tuesday,3,32,2022-02-01
20230730,2023,3,7,July     ,31,Sunday,1,211,2023-07-30
20240305,2024,1,3,March    ,10,Tuesday,3,65,2024-03-05
20190929,2019,3,9,September,40,Sunday,1,272,2019-09-29
20230302,2023,1,3,March    ,9,Thursday,5,61,2023-03-02
20211116,2021,4,11,November ,47,Tuesday,3,320,2021-11-16
20221207,2022,4,12,December ,50,Wednesday,4,341,2022-12-07
20240206,2024,1,2,February ,6,Tuesday,3,37,2024-02-06
20200119,2020,1,1,January  ,4,Sunday,1,19,2020-01-19
20220209,2022,1,2,February ,7,Wednesday,4,40,2022-02-09
20210706,2021,3,7,July     ,28,Tuesday,3,187,2021-07-06
20220325,2022,1,3,March    ,13,Friday,6,84,2022-03-25
20190731,2019,3,7,July     ,31,Wednesday,4,212,2019-07-31
20220616,2022,2,6,June     ,25,Thursday,5,167,2022-06-16
20230727,2023,3,7,July     ,30,Thursday,5,208,2023-07-27
20200419,2020,2,4,April    ,17,Sunday,1,110,2020-04-19
20231202,2023,4,12,December ,48,Saturday,7,336,2023-12-02
20220811,2022,3,8,August   ,33,Thursday,5,223,2022-08-11
20210117,2021,1,1,January  ,4,Sunday,1,17,2021-01-17
20191027,2019,4,10,October  ,44,Sunday,1,300,2019-10-27
20220511,2022,2,5,May      ,20,Wednesday,4,131,2022-05-11
20201108,2020,4,11,November ,46,Sunday,1,313,2020-11-08
20220918,2022,3,9,September,39,Sunday,1,261,2022-09-18
20230921,2023,3,9,September,38,Thursday,5,264,2023-09-21
20200907,2020,3,9,September,37,Monday,2,251,2020-09-07
20210617,2021,2,6,June     ,25,Thursday,5,168,2021-06-17
20210330,2021,1,3,March    ,14,Tuesday,3,89,2021-03-30
20210211,2021,1,2,February ,7,Thursday,5,42,2021-02-11
20190730,2019,3,7,July     ,31,Tuesday,3,211,2019-07-30
20230826,2023,3,8,August   ,34,Saturday,7,238,2023-08-26
20190612,2019,2,6,June     ,24,Wednesday,4,163,2019-06-12
20200522,2020,2,5,May      ,21,Friday,6,143,2020-05-22
20210729,2021,3,7,July     ,31,Thursday,5,210,2021-07-29
20230928,2023,3,9,September,39,Thursday,5,271,2023-09-28
20230523,2023,2,5,May      ,21,Tuesday,3,143,2023-05-23
20230617,2023,2,6,June     ,24,Saturday,7,168,2023-06-17
20230905,2023,3,9,September,36,Tuesday,3,248,2023-09-05
20200520,2020,2,5,May      ,21,Wednesday,4,141,2020-05-20
20191129,2019,4,11,November ,48,Friday,6,333,2019-11-29
20230405,2023,2,4,April    ,14,Wednesday,4,95,2023-04-05
20230616,2023,2,6,June     ,24,Friday,6,167,2023-06-16
20230624,2023,2,6,June     ,25,Saturday,7,175,2023-06-24
20220331,2022,1,3,March    ,14,Thursday,5,90,2022-03-31
20190513,2019,2,5,May      ,20,Monday,2,133,2019-05-13
20200829,2020,3,8,August   ,35,Saturday,7,242,2020-08-29
20220813,2022,3,8,August   ,33,Saturday,7,225,2022-08-13
20230911,2023,3,9,September,37,Monday,2,254,2023-09-11
20230627,2023,2,6,June     ,26,Tuesday,3,178,2023-06-27
20210608,2021,2,6,June     ,24,Tuesday,3,159,2021-06-08
20220727,2022,3,7,July     ,31,Wednesday,4,208,2022-07-27
20220116,2022,1,1,January  ,4,Sunday,1,16,2022-01-16
20230801,2023,3,8,August   ,31,Tuesday,3,213,2023-08-01
20190511,2019,2,5,May      ,19,Saturday,7,131,2019-05-11
20210929,2021,3,9,September,40,Wednesday,4,272,2021-09-29
20190928,2019,3,9,September,39,Saturday,7,271,2019-09-28
20220708,2022,3,7,July     ,28,Friday,6,189,2022-07-08
20210103,2021,1,1,January  ,2,Sunday,1,3,2021-01-03
20200812,2020,3,8,August   ,33,Wednesday,4,225,2020-08-12
20231113,2023,4,11,November ,46,Monday,2,317,2023-11-13
20230703,2023,3,7,July     ,27,Monday,2,184,2023-07-03
20220406,2022,2,4,April    ,15,Wednesday,4,96,2022-04-06
20221120,2022,4,11,November ,48,Sunday,1,324,2022-11-20
20221215,2022,4,12,December ,51,Thursday,5,349,2022-12-15
20230129,2023,1,1,January  ,5,Sunday,1,29,2023-01-29
20190915,2019,3,9,September,38,Sunday,1,258,2019-09-15
20190711,2019,3,7,July     ,28,Thursday,5,192,2019-07-11
20191026,2019,4,10,October  ,43,Saturday,7,299,2019-10-26
20231106,2023,4,11,November ,45,Monday,2,310,2023-11-06
20220215,2022,1,2,February ,8,Tuesday,3,46,2022-02-15
20211120,2021,4,11,November ,47,Saturday,7,324,2021-11-20
20230104,2023,1,1,January  ,1,Wednesday,4,4,2023-01-04
20210513,2021,2,5,May      ,20,Thursday,5,133,2021-05-13
20240126,2024,1,1,January  ,4,Friday,6,26,2024-01-26
20220129,2022,1,1,January  ,5,Saturday,7,29,2022-01-29
20200718,2020,3,7,July     ,29,Saturday,7,200,2020-07-18
20220105,2022,1,1,January  ,2,Wednesday,4,5,2022-01-05
20220608,2022,2,6,June     ,24,Wednesday,4,159,2022-06-08
20210905,2021,3,9,September,37,Sunday,1,248,2021-09-05
20230929,2023,3,9,September,39,Friday,6,272,2023-09-29
20201023,2020,4,10,October  ,43,Friday,6,297,2020-10-23
20210716,2021,3,7,July     ,29,Friday,6,197,2021-07-16
20231026,2023,4,10,October  ,43,Thursday,5,299,2023-10-26
20220507,2022,2,5,May      ,19,Saturday,7,127,2022-05-07
20220107,2022,1,1,January  ,2,Friday,6,7,2022-01-07
20221226,2022,4,12,December ,53,Monday,2,360,2022-12-26
20210910,2021,3,9,September,37,Friday,6,253,2021-09-10
20231024,2023,4,10,October  ,43,Tuesday,3,297,2023-10-24
20230531,2023,2,5,May      ,22,Wednesday,4,151,2023-05-31
20231028,2023,4,10,October  ,43,Saturday,7,301,2023-10-28
20210307,2021,1,3,March    ,11,Sunday,1,66,2021-03-07
20220825,2022,3,8,August   ,35,Thursday,5,237,2022-08-25
20231025,2023,4,10,October  ,43,Wednesday,4,298,2023-10-25
20210417,2021,2,4,April    ,16,Saturday,7,107,2021-04-17
20210203,2021,1,2,February ,6,Wednesday,4,34,2021-02-03
20221206,2022,4,12,December ,50,Tuesday,3,340,2022-12-06
20200402,2020,2,4,April    ,14,Thursday,5,93,2020-04-02
20230521,2023,2,5,May      ,21,Sunday,1,141,2023-05-21
20201120,2020,4,11,November ,47,Friday,6,325,2020-11-20
20211224,2021,4,12,December ,52,Friday,6,358,2021-12-24
20210721,2021,3,7,July     ,30,Wednesday,4,202,2021-07-21
20220501,2022,2,5,May      ,19,Sunday,1,121,2022-05-01
20200814,2020,3,8,August   ,33,Friday,6,227,2020-08-14
20231127,2023,4,11,November ,48,Monday,2,331,2023-11-27
20190625,2019,2,6,June     ,26,Tuesday,3,176,2019-06-25
20211019,2021,4,10,October  ,43,Tuesday,3,292,2021-10-19
20191025,2019,4,10,October  ,43,Friday,6,298,2019-10-25
20200513,2020,2,5,May      ,20,Wednesday,4,134,2020-05-13
20191125,2019,4,11,November ,48,Monday,2,329,2019-11-25
20190508,2019,2,5,May      ,19,Wednesday,4,128,2019-05-08
20210408,2021,2,4,April    ,15,Thursday,5,98,2021-04-08
20220628,2022,2,6,June     ,27,Tuesday,3,179,2022-06-28
20231201,2023,4,12,December ,48,Friday,6,335,2023-12-01
20211113,2021,4,11,November ,46,Saturday,7,317,2021-11-13
20211011,2021,4,10,October  ,42,Monday,2,284,2021-10-11
20191029,2019,4,10,October  ,44,Tuesday,3,302,2019-10-29
20210114,2021,1,1,January  ,3,Thursday,5,14,2021-01-14
20211006,2021,4,10,October  ,41,Wednesday,4,279,2021-10-06
20230421,2023,2,4,April    ,16,Friday,6,111,2023-04-21
20230326,2023,1,3,March    ,13,Sunday,1,85,2023-03-26
20230819,2023,3,8,August   ,33,Saturday,7,231,2023-08-19
20211125,2021,4,11,November ,48,Thursday,5,329,2021-11-25
20230112,2023,1,1,January  ,2,Thursday,5,12,2023-01-12
20210824,2021,3,8,August   ,35,Tuesday,3,236,2021-08-24
20210724,2021,3,7,July     ,30,Saturday,7,205,2021-07-24
20210219,2021,1,2,February ,8,Friday,6,50,2021-02-19
20220518,2022,2,5,May      ,21,Wednesday,4,138,2022-05-18
20220315,2022,1,3,March    ,12,Tuesday,3,74,2022-03-15
20231121,2023,4,11,November ,47,Tuesday,3,325,2023-11-21
20200110,2020,1,1,January  ,2,Friday,6,10,2020-01-10
20201224,2020,4,12,December ,52,Thursday,5,359,2020-12-24
20230228,2023,1,2,February ,9,Tuesday,3,59,2023-02-28
20230817,2023,3,8,August   ,33,Thursday,5,229,2023-08-17
20231210,2023,4,12,December ,50,Sunday,1,344,2023-12-10
20230319,2023,1,3,March    ,12,Sunday,1,78,2023-03-19
20210407,2021,2,4,April    ,15,Wednesday,4,97,2021-04-07
20220902,2022,3,9,September,36,Friday,6,245,2022-09-02
20200316,2020,1,3,March    ,12,Monday,2,76,2020-03-16
20240401,2024,2,4,April    ,14,Monday,2,92,2024-04-01
20191112,2019,4,11,November ,46,Tuesday,3,316,2019-11-12
20200813,2020,3,8,August   ,33,Thursday,5,226,2020-08-13
20191031,2019,4,10,October  ,44,Thursday,5,304,2019-10-31
20240221,2024,1,2,February ,8,Wednesday,4,52,2024-02-21
20201115,2020,4,11,November ,47,Sunday,1,320,2020-11-15
20220803,2022,3,8,August   ,32,Wednesday,4,215,2022-08-03
20221003,2022,4,10,October  ,41,Monday,2,276,2022-10-03
20190609,2019,2,6,June     ,24,Sunday,1,160,2019-06-09
20200817,2020,3,8,August   ,34,Monday,2,230,2020-08-17
20200103,2020,1,1,January  ,1,Friday,6,3,2020-01-03
20210922,2021,3,9,September,39,Wednesday,4,265,2021-09-22
20230821,2023,3,8,August   ,34,Monday,2,233,2023-08-21
20200721,2020,3,7,July     ,30,Tuesday,3,203,2020-07-21
20211219,2021,4,12,December ,52,Sunday,1,353,2021-12-19
20210306,2021,1,3,March    ,10,Saturday,7,65,2021-03-06
20191016,2019,4,10,October  ,42,Wednesday,4,289,2019-10-16
20230514,2023,2,5,May      ,20,Sunday,1,134,2023-05-14
20200709,2020,3,7,July     ,28,Thursday,5,191,2020-07-09
20200905,2020,3,9,September,36,Saturday,7,249,2020-09-05
20210515,2021,2,5,May      ,20,Saturday,7,135,2021-05-15
20191231,2019,4,12,December ,1,Tuesday,3,365,2019-12-31
20201223,2020,4,12,December ,52,Wednesday,4,358,2020-12-23
20211214,2021,4,12,December ,51,Tuesday,3,348,2021-12-14
20230102,2023,1,1,January  ,1,Monday,2,2,2023-01-02
20230208,2023,1,2,February ,6,Wednesday,4,39,2023-02-08
20230904,2023,3,9,September,36,Monday,2,247,2023-09-04
20220102,2022,1,1,January  ,2,Sunday,1,2,2022-01-02
20220222,2022,1,2,February ,9,Tuesday,3,53,2022-02-22
20220912,2022,3,9,September,38,Monday,2,255,2022-09-12
20221228,2022,4,12,December ,53,Wednesday,4,362,2022-12-28
20191120,2019,4,11,November ,47,Wednesday,4,324,2019-11-20
20220516,2022,2,5,May      ,21,Monday,2,136,2022-05-16
20201001,2020,4,10,October  ,40,Thursday,5,275,2020-10-01
20230418,2023,2,4,April    ,16,Tuesday,3,108,2023-04-18
20191015,2019,4,10,October  ,42,Tuesday,3,288,2019-10-15
20200805,2020,3,8,August   ,32,Wednesday,4,218,2020-08-05
20220202,2022,1,2,February ,6,Wednesday,4,33,2022-02-02
20190701,2019,3,7,July     ,27,Monday,2,182,2019-07-01
20200716,2020,3,7,July     ,29,Thursday,5,198,2020-07-16
20210816,2021,3,8,August   ,34,Monday,2,228,2021-08-16
20220802,2022,3,8,August   ,32,Tuesday,3,214,2022-08-02
20230606,2023,2,6,June     ,23,Tuesday,3,157,2023-06-06
20240227,2024,1,2,February ,9,Tuesday,3,58,2024-02-27
20190724,2019,3,7,July     ,30,Wednesday,4,205,2019-07-24
20210709,2021,3,7,July     ,28,Friday,6,190,2021-07-09
20230701,2023,3,7,July     ,26,Saturday,7,182,2023-07-01
20210325,2021,1,3,March    ,13,Thursday,5,84,2021-03-25
20231011,2023,4,10,October  ,41,Wednesday,4,284,2023-10-11
20221013,2022,4,10,October  ,42,Thursday,5,286,2022-10-13
20230124,2023,1,1,January  ,4,Tuesday,3,24,2023-01-24
20211017,2021,4,10,October  ,43,Sunday,1,290,2021-10-17
20200424,2020,2,4,April    ,17,Friday,6,115,2020-04-24
20221021,2022,4,10,October  ,43,Friday,6,294,2022-10-21
20230518,2023,2,5,May      ,20,Thursday,5,138,2023-05-18
20240411,2024,2,4,April    ,15,Thursday,5,102,2024-04-11
20220112,2022,1,1,January  ,3,Wednesday,4,12,2022-01-12
20200803,2020,3,8,August   ,32,Monday,2,216,2020-08-03
20220313,2022,1,3,March    ,12,Sunday,1,72,2022-03-13
20220525,2022,2,5,May      ,22,Wednesday,4,145,2022-05-25
20200420,2020,2,4,April    ,17,Monday,2,111,2020-04-20
20200129,2020,1,1,January  ,5,Wednesday,4,29,2020-01-29
20220424,2022,2,4,April    ,18,Sunday,1,114,2022-04-24
20210624,2021,2,6,June     ,26,Thursday,5,175,2021-06-24
20190831,2019,3,8,August   ,35,Saturday,7,243,2019-08-31
20230308,2023,1,3,March    ,10,Wednesday,4,67,2023-03-08
20210503,2021,2,5,May      ,19,Monday,2,123,2021-05-03
20210722,2021,3,7,July     ,30,Thursday,5,203,2021-07-22
20230430,2023,2,4,April    ,18,Sunday,1,120,2023-04-30
20200921,2020,3,9,September,39,Monday,2,265,2020-09-21
20210315,2021,1,3,March    ,12,Monday,2,74,2021-03-15
20210917,2021,3,9,September,38,Friday,6,260,2021-09-17
20220919,2022,3,9,September,39,Monday,2,262,2022-09-19
20240228,2024,1,2,February ,9,Wednesday,4,59,2024-02-28
20210718,2021,3,7,July     ,30,Sunday,1,199,2021-07-18
20211215,2021,4,12,December ,51,Wednesday,4,349,2021-12-15
20190809,2019,3,8,August   ,32,Friday,6,221,2019-08-09
20230503,2023,2,5,May      ,18,Wednesday,4,123,2023-05-03
20191208,2019,4,12,December ,50,Sunday,1,342,2019-12-08
20210524,2021,2,5,May      ,22,Monday,2,144,2021-05-24
20210916,2021,3,9,September,38,Thursday,5,259,2021-09-16
20210611,2021,2,6,June     ,24,Friday,6,162,2021-06-11
20240325,2024,1,3,March    ,13,Monday,2,85,2024-03-25
20210201,2021,1,2,February ,6,Monday,2,32,2021-02-01
20230420,2023,2,4,April    ,16,Thursday,5,110,2023-04-20
20210523,2021,2,5,May      ,22,Sunday,1,143,2021-05-23
20210802,2021,3,8,August   ,32,Monday,2,214,2021-08-02
20220917,2022,3,9,September,38,Saturday,7,260,2022-09-17
20201226,2020,4,12,December ,52,Saturday,7,361,2020-12-26
20211025,2021,4,10,October  ,44,Monday,2,298,2021-10-25
20201026,2020,4,10,October  ,44,Monday,2,300,2020-10-26
20230610,2023,2,6,June     ,23,Saturday,7,161,2023-06-10
20240507,2024,2,5,May      ,19,Tuesday,3,128,2024-05-07
20220512,2022,2,5,May      ,20,Thursday,5,132,2022-05-12
20220823,2022,3,8,August   ,35,Tuesday,3,235,2022-08-23
20221125,2022,4,11,November ,48,Friday,6,329,2022-11-25
20230510,2023,2,5,May      ,19,Wednesday,4,130,2023-05-10
20200126,2020,1,1,January  ,5,Sunday,1,26,2020-01-26
20190723,2019,3,7,July     ,30,Tuesday,3,204,2019-07-23
20200307,2020,1,3,March    ,10,Saturday,7,67,2020-03-07
20201017,2020,4,10,October  ,42,Saturday,7,291,2020-10-17
20210505,2021,2,5,May      ,19,Wednesday,4,125,2021-05-05
20230630,2023,2,6,June     ,26,Friday,6,181,2023-06-30
20220814,2022,3,8,August   ,34,Sunday,1,226,2022-08-14
20190904,2019,3,9,September,36,Wednesday,4,247,2019-09-04
20221007,2022,4,10,October  ,41,Friday,6,280,2022-10-07
20210906,2021,3,9,September,37,Monday,2,249,2021-09-06
20200207,2020,1,2,February ,6,Friday,6,38,2020-02-07
20200618,2020,2,6,June     ,25,Thursday,5,170,2020-06-18
20230213,2023,1,2,February ,7,Monday,2,44,2023-02-13
20190526,2019,2,5,May      ,22,Sunday,1,146,2019-05-26
20240404,2024,2,4,April    ,14,Thursday,5,95,2024-04-04
20190702,2019,3,7,July     ,27,Tuesday,3,183,2019-07-02
20200821,2020,3,8,August   ,34,Friday,6,234,2020-08-21
20200306,2020,1,3,March    ,10,Friday,6,66,2020-03-06
20191101,2019,4,11,November ,44,Friday,6,305,2019-11-01
20220320,2022,1,3,March    ,13,Sunday,1,79,2022-03-20
20190524,2019,2,5,May      ,21,Friday,6,144,2019-05-24
20190828,2019,3,8,August   ,35,Wednesday,4,240,2019-08-28
20201209,2020,4,12,December ,50,Wednesday,4,344,2020-12-09
20240105,2024,1,1,January  ,1,Friday,6,5,2024-01-05
20231206,2023,4,12,December ,49,Wednesday,4,340,2023-12-06
20190613,2019,2,6,June     ,24,Thursday,5,164,2019-06-13
20200708,2020,3,7,July     ,28,Wednesday,4,190,2020-07-08
20200122,2020,1,1,January  ,4,Wednesday,4,22,2020-01-22
20220329,2022,1,3,March    ,14,Tuesday,3,88,2022-03-29
20210810,2021,3,8,August   ,33,Tuesday,3,222,2021-08-10
20191204,2019,4,12,December ,49,Wednesday,4,338,2019-12-04
20200815,2020,3,8,August   ,33,Saturday,7,228,2020-08-15
20211106,2021,4,11,November ,45,Saturday,7,310,2021-11-06
20230301,2023,1,3,March    ,9,Wednesday,4,60,2023-03-01
20221002,2022,4,10,October  ,41,Sunday,1,275,2022-10-02
20230131,2023,1,1,January  ,5,Tuesday,3,31,2023-01-31
20190620,2019,2,6,June     ,25,Thursday,5,171,2019-06-20
20230806,2023,3,8,August   ,32,Sunday,1,218,2023-08-06
20230827,2023,3,8,August   ,35,Sunday,1,239,2023-08-27
20210726,2021,3,7,July     ,31,Monday,2,207,2021-07-26
20220314,2022,1,3,March    ,12,Monday,2,73,2022-03-14
20230409,2023,2,4,April    ,15,Sunday,1,99,2023-04-09
20230815,2023,3,8,August   ,33,Tuesday,3,227,2023-08-15
20230331,2023,1,3,March    ,13,Friday,6,90,2023-03-31
20240331,2024,1,3,March    ,14,Sunday,1,91,2024-03-31
20220724,2022,3,7,July     ,31,Sunday,1,205,2022-07-24
20220921,2022,3,9,September,39,Wednesday,4,264,2022-09-21
20211216,2021,4,12,December ,51,Thursday,5,350,2021-12-16
20220901,2022,3,9,September,36,Thursday,5,244,2022-09-01
20211129,2021,4,11,November ,49,Monday,2,333,2021-11-29
20220330,2022,1,3,March    ,14,Wednesday,4,89,2022-03-30
20200804,2020,3,8,August   ,32,Tuesday,3,217,2020-08-04
20240420,2024,2,4,April    ,16,Saturday,7,111,2024-04-20
20200425,2020,2,4,April    ,17,Saturday,7,116,2020-04-25
20200323,2020,1,3,March    ,13,Monday,2,83,2020-03-23
20240407,2024,2,4,April    ,15,Sunday,1,98,2024-04-07
20200310,2020,1,3,March    ,11,Tuesday,3,70,2020-03-10
20240104,2024,1,1,January  ,1,Thursday,5,4,2024-01-04
20191007,2019,4,10,October  ,41,Monday,2,280,2019-10-07
20220729,2022,3,7,July     ,31,Friday,6,210,2022-07-29
20220804,2022,3,8,August   ,32,Thursday,5,216,2022-08-04
20200819,2020,3,8,August   ,34,Wednesday,4,232,2020-08-19
20211009,2021,4,10,October  ,41,Saturday,7,282,2021-10-09
20230626,2023,2,6,June     ,26,Monday,2,177,2023-06-26
20220615,2022,2,6,June     ,25,Wednesday,4,166,2022-06-15
20211118,2021,4,11,November ,47,Thursday,5,322,2021-11-18
20221009,2022,4,10,October  ,42,Sunday,1,282,2022-10-09
20210215,2021,1,2,February ,8,Monday,2,46,2021-02-15
20220731,2022,3,7,July     ,32,Sunday,1,212,2022-07-31
20240115,2024,1,1,January  ,3,Monday,2,15,2024-01-15
20240121,2024,1,1,January  ,4,Sunday,1,21,2024-01-21
20190805,2019,3,8,August   ,32,Monday,2,217,2019-08-05
20200717,2020,3,7,July     ,29,Friday,6,199,2020-07-17
20200830,2020,3,8,August   ,36,Sunday,1,243,2020-08-30
20191024,2019,4,10,October  ,43,Thursday,5,297,2019-10-24
20220101,2022,1,1,January  ,1,Saturday,7,1,2022-01-01
20231122,2023,4,11,November ,47,Wednesday,4,326,2023-11-22
20201025,2020,4,10,October  ,44,Sunday,1,299,2020-10-25
20190912,2019,3,9,September,37,Thursday,5,255,2019-09-12
20211104,2021,4,11,November ,45,Thursday,5,308,2021-11-04
20230210,2023,1,2,February ,6,Friday,6,41,2023-02-10
20211112,2021,4,11,November ,46,Friday,6,316,2021-11-12
20220820,2022,3,8,August   ,34,Saturday,7,232,2022-08-20
20220327,2022,1,3,March    ,14,Sunday,1,86,2022-03-27
20200121,2020,1,1,January  ,4,Tuesday,3,21,2020-01-21
20190902,2019,3,9,September,36,Monday,2,245,2019-09-02
20200404,2020,2,4,April    ,14,Saturday,7,95,2020-04-04
20240122,2024,1,1,January  ,4,Monday,2,22,2024-01-22
20221231,2022,4,12,December ,53,Saturday,7,365,2022-12-31
20220213,2022,1,2,February ,8,Sunday,1,44,2022-02-13
20210821,2021,3,8,August   ,34,Saturday,7,233,2021-08-21
20200406,2020,2,4,April    ,15,Monday,2,97,2020-04-06
20200825,2020,3,8,August   ,35,Tuesday,3,238,2020-08-25
20210927,2021,3,9,September,40,Monday,2,270,2021-09-27
20220304,2022,1,3,March    ,10,Friday,6,63,2022-03-04
20220219,2022,1,2,February ,8,Saturday,7,50,2022-02-19
20201230,2020,4,12,December ,1,Wednesday,4,365,2020-12-30
20200503,2020,2,5,May      ,19,Sunday,1,124,2020-05-03
20211122,2021,4,11,November ,48,Monday,2,326,2021-11-22
20221127,2022,4,11,November ,49,Sunday,1,331,2022-11-27
20230615,2023,2,6,June     ,24,Thursday,5,166,2023-06-15
20230307,2023,1,3,March    ,10,Tuesday,3,66,2023-03-07
20210131,2021,1,1,January  ,6,Sunday,1,31,2021-01-31
20210429,2021,2,4,April    ,18,Thursday,5,119,2021-04-29
20200715,2020,3,7,July     ,29,Wednesday,4,197,2020-07-15
20230314,2023,1,3,March    ,11,Tuesday,3,73,2023-03-14
20210224,2021,1,2,February ,9,Wednesday,4,55,2021-02-24
20210627,2021,2,6,June     ,27,Sunday,1,178,2021-06-27
20191122,2019,4,11,November ,47,Friday,6,326,2019-11-22
20220210,2022,1,2,February ,7,Thursday,5,41,2022-02-10
20210813,2021,3,8,August   ,33,Friday,6,225,2021-08-13
20240405,2024,2,4,April    ,14,Friday,6,96,2024-04-05
20210819,2021,3,8,August   ,34,Thursday,5,231,2021-08-19
20230614,2023,2,6,June     ,24,Wednesday,4,165,2023-06-14
20230917,2023,3,9,September,38,Sunday,1,260,2023-09-17
20210915,2021,3,9,September,38,Wednesday,4,258,2021-09-15
20221005,2022,4,10,October  ,41,Wednesday,4,278,2022-10-05
20210628,2021,2,6,June     ,27,Monday,2,179,2021-06-28
20210607,2021,2,6,June     ,24,Monday,2,158,2021-06-07
20191206,2019,4,12,December ,49,Friday,6,340,2019-12-06
20220626,2022,2,6,June     ,27,Sunday,1,177,2022-06-26
20220322,2022,1,3,March    ,13,Tuesday,3,81,2022-03-22
20191022,2019,4,10,October  ,43,Tuesday,3,295,2019-10-22
20190808,2019,3,8,August   ,32,Thursday,5,220,2019-08-08
20230901,2023,3,9,September,35,Friday,6,244,2023-09-01
20190624,2019,2,6,June     ,26,Monday,2,175,2019-06-24
20200501,2020,2,5,May      ,18,Friday,6,122,2020-05-01
20190604,2019,2,6,June     ,23,Tuesday,3,155,2019-06-04
20210517,2021,2,5,May      ,21,Monday,2,137,2021-05-17
20190601,2019,2,6,June     ,22,Saturday,7,152,2019-06-01
20230122,2023,1,1,January  ,4,Sunday,1,22,2023-01-22
20220826,2022,3,8,August   ,35,Friday,6,238,2022-08-26
20210410,2021,2,4,April    ,15,Saturday,7,100,2021-04-10
20221029,2022,4,10,October  ,44,Saturday,7,302,2022-10-29
20190627,2019,2,6,June     ,26,Thursday,5,178,2019-06-27
20191201,2019,4,12,December ,49,Sunday,1,335,2019-12-01
20240118,2024,1,1,January  ,3,Thursday,5,18,2024-01-18
20230202,2023,1,2,February ,5,Thursday,5,33,2023-02-02
20220605,2022,2,6,June     ,24,Sunday,1,156,2022-06-05
20210222,2021,1,2,February ,9,Monday,2,53,2021-02-22
20230224,2023,1,2,February ,8,Friday,6,55,2023-02-24
20200429,2020,2,4,April    ,18,Wednesday,4,120,2020-04-29
20191229,2019,4,12,December ,1,Sunday,1,363,2019-12-29
20190906,2019,3,9,September,36,Friday,6,249,2019-09-06
20220619,2022,2,6,June     ,26,Sunday,1,170,2022-06-19
20240125,2024,1,1,January  ,4,Thursday,5,25,2024-01-25
20220301,2022,1,3,March    ,10,Tuesday,3,60,2022-03-01
20210318,2021,1,3,March    ,12,Thursday,5,77,2021-03-18
20220530,2022,2,5,May      ,23,Monday,2,150,2022-05-30
20200623,2020,2,6,June     ,26,Tuesday,3,175,2020-06-23
20210329,2021,1,3,March    ,14,Monday,2,88,2021-03-29
20240309,2024,1,3,March    ,10,Saturday,7,69,2024-03-09
20200107,2020,1,1,January  ,2,Tuesday,3,7,2020-01-07
20240324,2024,1,3,March    ,13,Sunday,1,84,2024-03-24
20220310,2022,1,3,March    ,11,Thursday,5,69,2022-03-10
20230629,2023,2,6,June     ,26,Thursday,5,180,2023-06-29
20240327,2024,1,3,March    ,13,Wednesday,4,87,2024-03-27
20200722,2020,3,7,July     ,30,Wednesday,4,204,2020-07-22
20211002,2021,4,10,October  ,40,Saturday,7,275,2021-10-02
20240129,2024,1,1,January  ,5,Monday,2,29,2024-01-29
20221020,2022,4,10,October  ,43,Thursday,5,293,2022-10-20
20231213,2023,4,12,December ,50,Wednesday,4,347,2023-12-13
20200116,2020,1,1,January  ,3,Thursday,5,16,2020-01-16
20200210,2020,1,2,February ,7,Monday,2,41,2020-02-10
20190930,2019,3,9,September,40,Monday,2,273,2019-09-30
20211021,2021,4,10,October  ,43,Thursday,5,294,2021-10-21
20230423,2023,2,4,April    ,17,Sunday,1,113,2023-04-23
20200515,2020,2,5,May      ,20,Friday,6,136,2020-05-15
20230628,2023,2,6,June     ,26,Wednesday,4,179,2023-06-28
20210227,2021,1,2,February ,9,Saturday,7,58,2021-02-27
20240505,2024,2,5,May      ,19,Sunday,1,126,2024-05-05
20230223,2023,1,2,February ,8,Thursday,5,54,2023-02-23
20200602,2020,2,6,June     ,23,Tuesday,3,154,2020-06-02
20210521,2021,2,5,May      ,21,Friday,6,141,2021-05-21
20220910,2022,3,9,September,37,Saturday,7,253,2022-09-10
20221113,2022,4,11,November ,47,Sunday,1,317,2022-11-13
20210629,2021,2,6,June     ,27,Tuesday,3,180,2021-06-29
20220122,2022,1,1,January  ,4,Saturday,7,22,2022-01-22
20240204,2024,1,2,February ,6,Sunday,1,35,2024-02-04
20211023,2021,4,10,October  ,43,Saturday,7,296,2021-10-23
20190926,2019,3,9,September,39,Thursday,5,269,2019-09-26
20200828,2020,3,8,August   ,35,Friday,6,241,2020-08-28
20211226,2021,4,12,December ,1,Sunday,1,360,2021-12-26
20210817,2021,3,8,August   ,34,Tuesday,3,229,2021-08-17
20200909,2020,3,9,September,37,Wednesday,4,253,2020-09-09
20240124,2024,1,1,January  ,4,Wednesday,4,24,2024-01-24
20200923,2020,3,9,September,39,Wednesday,4,267,2020-09-23
20210804,2021,3,8,August   ,32,Wednesday,4,216,2021-08-04
20190920,2019,3,9,September,38,Friday,6,263,2019-09-20
20200112,2020,1,1,January  ,3,Sunday,1,12,2020-01-12
20230812,2023,3,8,August   ,32,Saturday,7,224,2023-08-12
20200328,2020,1,3,March    ,13,Saturday,7,88,2020-03-28
20220625,2022,2,6,June     ,26,Saturday,7,176,2022-06-25
20210904,2021,3,9,September,36,Saturday,7,247,2021-09-04
20211016,2021,4,10,October  ,42,Saturday,7,289,2021-10-16
20230429,2023,2,4,April    ,17,Saturday,7,119,2023-04-29
20201219,2020,4,12,December ,51,Saturday,7,354,2020-12-19
20200926,2020,3,9,September,39,Saturday,7,270,2020-09-26
20220208,2022,1,2,February ,7,Tuesday,3,39,2022-02-08
20210402,2021,2,4,April    ,14,Friday,6,92,2021-04-02
20220123,2022,1,1,January  ,5,Sunday,1,23,2022-01-23
20230215,2023,1,2,February ,7,Wednesday,4,46,2023-02-15
20230724,2023,3,7,July     ,30,Monday,2,205,2023-07-24
20210309,2021,1,3,March    ,11,Tuesday,3,68,2021-03-09
20210430,2021,2,4,April    ,18,Friday,6,120,2021-04-30
20210616,2021,2,6,June     ,25,Wednesday,4,167,2021-06-16
20230415,2023,2,4,April    ,15,Saturday,7,105,2023-04-15
20190829,2019,3,8,August   ,35,Thursday,5,241,2019-08-29
20220211,2022,1,2,February ,7,Friday,6,42,2022-02-11
20230612,2023,2,6,June     ,24,Monday,2,163,2023-06-12
20210327,2021,1,3,March    ,13,Saturday,7,86,2021-03-27
20190628,2019,2,6,June     ,26,Friday,6,179,2019-06-28
20221212,2022,4,12,December ,51,Monday,2,346,2022-12-12
20200108,2020,1,1,January  ,2,Wednesday,4,8,2020-01-08
20231222,2023,4,12,December ,51,Friday,6,356,2023-12-22
20221012,2022,4,10,October  ,42,Wednesday,4,285,2022-10-12
20201122,2020,4,11,November ,48,Sunday,1,327,2020-11-22
20231229,2023,4,12,December ,52,Friday,6,363,2023-12-29
20230512,2023,2,5,May      ,19,Friday,6,132,2023-05-12
20230619,2023,2,6,June     ,25,Monday,2,170,2023-06-19
20200320,2020,1,3,March    ,12,Friday,6,80,2020-03-20
20230113,2023,1,1,January  ,2,Friday,6,13,2023-01-13
20190718,2019,3,7,July     ,29,Thursday,5,199,2019-07-18
20231114,2023,4,11,November ,46,Tuesday,3,318,2023-11-14
20210412,2021,2,4,April    ,16,Monday,2,102,2021-04-12
20230209,2023,1,2,February ,6,Thursday,5,40,2023-02-09
20200120,2020,1,1,January  ,4,Monday,2,20,2020-01-20
20211231,2021,4,12,December ,1,Friday,6,365,2021-12-31
20230116,2023,1,1,January  ,3,Monday,2,16,2023-01-16
20200114,2020,1,1,January  ,3,Tuesday,3,14,2020-01-14
20230222,2023,1,2,February ,8,Wednesday,4,53,2023-02-22
20221124,2022,4,11,November ,48,Thursday,5,328,2022-11-24
20200130,2020,1,1,January  ,5,Thursday,5,30,2020-01-30
20210319,2021,1,3,March    ,12,Friday,6,78,2021-03-19
20210403,2021,2,4,April    ,14,Saturday,7,93,2021-04-03
20220805,2022,3,8,August   ,32,Friday,6,217,2022-08-05
20191113,2019,4,11,November ,46,Wednesday,4,317,2019-11-13
20210606,2021,2,6,June     ,24,Sunday,1,157,2021-06-06
20220308,2022,1,3,March    ,11,Tuesday,3,67,2022-03-08
20230608,2023,2,6,June     ,23,Thursday,5,159,2023-06-08
20221017,2022,4,10,October  ,43,Monday,2,290,2022-10-17
20240117,2024,1,1,January  ,3,Wednesday,4,17,2024-01-17
20191105,2019,4,11,November ,45,Tuesday,3,309,2019-11-05
20200313,2020,1,3,March    ,11,Friday,6,73,2020-03-13
20200806,2020,3,8,August   ,32,Thursday,5,219,2020-08-06
20200930,2020,3,9,September,40,Wednesday,4,274,2020-09-30
20201006,2020,4,10,October  ,41,Tuesday,3,280,2020-10-06
20201102,2020,4,11,November ,45,Monday,2,307,2020-11-02
20210428,2021,2,4,April    ,18,Wednesday,4,118,2021-04-28
20200621,2020,2,6,June     ,26,Sunday,1,173,2020-06-21
20191021,2019,4,10,October  ,43,Monday,2,294,2019-10-21
20190520,2019,2,5,May      ,21,Monday,2,140,2019-05-20
20220824,2022,3,8,August   ,35,Wednesday,4,236,2022-08-24
20230709,2023,3,7,July     ,28,Sunday,1,190,2023-07-09
20200701,2020,3,7,July     ,27,Wednesday,4,183,2020-07-01
20190515,2019,2,5,May      ,20,Wednesday,4,135,2019-05-15
20220226,2022,1,2,February ,9,Saturday,7,57,2022-02-26
20200706,2020,3,7,July     ,28,Monday,2,188,2020-07-06
20200105,2020,1,1,January  ,2,Sunday,1,5,2020-01-05
20230408,2023,2,4,April    ,14,Saturday,7,98,2023-04-08
20200109,2020,1,1,January  ,2,Thursday,5,9,2020-01-09
20210413,2021,2,4,April    ,16,Tuesday,3,103,2021-04-13
20220614,2022,2,6,June     ,25,Tuesday,3,165,2022-06-14
20220214,2022,1,2,February ,8,Monday,2,45,2022-02-14
20191008,2019,4,10,October  ,41,Tuesday,3,281,2019-10-08
20230320,2023,1,3,March    ,12,Monday,2,79,2023-03-20
20211225,2021,4,12,December ,52,Saturday,7,359,2021-12-25
20210622,2021,2,6,June     ,26,Tuesday,3,173,2021-06-22
20230212,2023,1,2,February ,7,Sunday,1,43,2023-02-12
20201116,2020,4,11,November ,47,Monday,2,321,2020-11-16
20240224,2024,1,2,February ,8,Saturday,7,55,2024-02-24
20201106,2020,4,11,November ,45,Friday,6,311,2020-11-06
20211024,2021,4,10,October  ,44,Sunday,1,297,2021-10-24
20190830,2019,3,8,August   ,35,Friday,6,242,2019-08-30
20230519,2023,2,5,May      ,20,Friday,6,139,2023-05-19
20210206,2021,1,2,February ,6,Saturday,7,37,2021-02-06
20240111,2024,1,1,January  ,2,Thursday,5,11,2024-01-11
20191209,2019,4,12,December ,50,Monday,2,343,2019-12-09
20190802,2019,3,8,August   ,31,Friday,6,214,2019-08-02
20211015,2021,4,10,October  ,42,Friday,6,288,2021-10-15
20210618,2021,2,6,June     ,25,Friday,6,169,2021-06-18
20210831,2021,3,8,August   ,36,Tuesday,3,243,2021-08-31
20210913,2021,3,9,September,38,Monday,2,256,2021-09-13
20220323,2022,1,3,March    ,13,Wednesday,4,82,2022-03-23
20190706,2019,3,7,July     ,27,Saturday,7,187,2019-07-06
20220601,2022,2,6,June     ,23,Wednesday,4,152,2022-06-01
20221204,2022,4,12,December ,50,Sunday,1,338,2022-12-04
20211221,2021,4,12,December ,52,Tuesday,3,355,2021-12-21
20220414,2022,2,4,April    ,16,Thursday,5,104,2022-04-14
20200427,2020,2,4,April    ,18,Monday,2,118,2020-04-27
20200115,2020,1,1,January  ,3,Wednesday,4,15,2020-01-15
20230831,2023,3,8,August   ,35,Thursday,5,243,2023-08-31
20231220,2023,4,12,December ,51,Wednesday,4,354,2023-12-20
20200530,2020,2,5,May      ,22,Saturday,7,151,2020-05-30
20210411,2021,2,4,April    ,16,Sunday,1,101,2021-04-11
20210331,2021,1,3,March    ,14,Wednesday,4,90,2021-03-31
20200325,2020,1,3,March    ,13,Wednesday,4,85,2020-03-25
20240220,2024,1,2,February ,8,Tuesday,3,51,2024-02-20
20200322,2020,1,3,March    ,13,Sunday,1,82,2020-03-22
20220807,2022,3,8,August   ,33,Sunday,1,219,2022-08-07
20190629,2019,2,6,June     ,26,Saturday,7,180,2019-06-29
20201214,2020,4,12,December ,51,Monday,2,349,2020-12-14
20190927,2019,3,9,September,39,Friday,6,270,2019-09-27
20191014,2019,4,10,October  ,42,Monday,2,287,2019-10-14
20220815,2022,3,8,August   ,34,Monday,2,227,2022-08-15
20211218,2021,4,12,December ,51,Saturday,7,352,2021-12-18
20221209,2022,4,12,December ,50,Friday,6,343,2022-12-09
20231211,2023,4,12,December ,50,Monday,2,345,2023-12-11
20220203,2022,1,2,February ,6,Thursday,5,34,2022-02-03
20220916,2022,3,9,September,38,Friday,6,259,2022-09-16
20190925,2019,3,9,September,39,Wednesday,4,268,2019-09-25
20190817,2019,3,8,August   ,33,Saturday,7,229,2019-08-17
20211206,2021,4,12,December ,50,Monday,2,340,2021-12-06
20211227,2021,4,12,December ,1,Monday,2,361,2021-12-27
20230601,2023,2,6,June     ,22,Thursday,5,152,2023-06-01
20190816,2019,3,8,August   ,33,Friday,6,228,2019-08-16
20230808,2023,3,8,August   ,32,Tuesday,3,220,2023-08-08
20230127,2023,1,1,January  ,4,Friday,6,27,2023-01-27
20200820,2020,3,8,August   ,34,Thursday,5,233,2020-08-20
20220722,2022,3,7,July     ,30,Friday,6,203,2022-07-22
20211030,2021,4,10,October  ,44,Saturday,7,303,2021-10-30
20210124,2021,1,1,January  ,5,Sunday,1,24,2021-01-24
20210530,2021,2,5,May      ,23,Sunday,1,150,2021-05-30
20200809,2020,3,8,August   ,33,Sunday,1,222,2020-08-09
20230914,2023,3,9,September,37,Thursday,5,257,2023-09-14
20231228,2023,4,12,December ,52,Thursday,5,362,2023-12-28
20220930,2022,3,9,September,40,Friday,6,273,2022-09-30
20221117,2022,4,11,November ,47,Thursday,5,321,2022-11-17
20210208,2021,1,2,February ,7,Monday,2,39,2021-02-08
20230528,2023,2,5,May      ,22,Sunday,1,148,2023-05-28
20200212,2020,1,2,February ,7,Wednesday,4,43,2020-02-12
20210528,2021,2,5,May      ,22,Friday,6,148,2021-05-28
20190512,2019,2,5,May      ,20,Sunday,1,132,2019-05-12
20190717,2019,3,7,July     ,29,Wednesday,4,198,2019-07-17
20210311,2021,1,3,March    ,11,Thursday,5,70,2021-03-11
20200411,2020,2,4,April    ,15,Saturday,7,102,2020-04-11
20220216,2022,1,2,February ,8,Wednesday,4,47,2022-02-16
20211127,2021,4,11,November ,48,Saturday,7,331,2021-11-27
20210728,2021,3,7,July     ,31,Wednesday,4,209,2021-07-28
20220701,2022,3,7,July     ,27,Friday,6,182,2022-07-01
20210406,2021,2,4,April    ,15,Tuesday,3,96,2021-04-06
20231120,2023,4,11,November ,47,Monday,2,324,2023-11-20
20230507,2023,2,5,May      ,19,Sunday,1,127,2023-05-07
20230731,2023,3,7,July     ,31,Monday,2,212,2023-07-31
20201121,2020,4,11,November ,47,Saturday,7,326,2020-11-21
20200725,2020,3,7,July     ,30,Saturday,7,207,2020-07-25
20211027,2021,4,10,October  ,44,Wednesday,4,300,2021-10-27
20200509,2020,2,5,May      ,19,Saturday,7,130,2020-05-09
20210423,2021,2,4,April    ,17,Friday,6,113,2021-04-23
20231130,2023,4,11,November ,48,Thursday,5,334,2023-11-30
20210613,2021,2,6,June     ,25,Sunday,1,164,2021-06-13
20191210,2019,4,12,December ,50,Tuesday,3,344,2019-12-10
20220707,2022,3,7,July     ,28,Thursday,5,188,2022-07-07
20221217,2022,4,12,December ,51,Saturday,7,351,2022-12-17
20210914,2021,3,9,September,38,Tuesday,3,257,2021-09-14
20210321,2021,1,3,March    ,13,Sunday,1,80,2021-03-21
20191216,2019,4,12,December ,51,Monday,2,350,2019-12-16
20220613,2022,2,6,June     ,25,Monday,2,164,2022-06-13
20240222,2024,1,2,February ,8,Thursday,5,53,2024-02-22
20220702,2022,3,7,July     ,27,Saturday,7,183,2022-07-02
20190822,2019,3,8,August   ,34,Thursday,5,234,2019-08-22
20230517,2023,2,5,May      ,20,Wednesday,4,137,2023-05-17
20201201,2020,4,12,December ,49,Tuesday,3,336,2020-12-01
20240412,2024,2,4,April    ,15,Friday,6,103,2024-04-12
20200808,2020,3,8,August   ,32,Saturday,7,221,2020-08-08
20210924,2021,3,9,September,39,Friday,6,267,2021-09-24
20211217,2021,4,12,December ,51,Friday,6,351,2021-12-17
20231007,2023,4,10,October  ,40,Saturday,7,280,2023-10-07
20200314,2020,1,3,March    ,11,Saturday,7,74,2020-03-14
20210507,2021,2,5,May      ,19,Friday,6,127,2021-05-07
20200102,2020,1,1,January  ,1,Thursday,5,2,2020-01-02
20230913,2023,3,9,September,37,Wednesday,4,256,2023-09-13
20230426,2023,2,4,April    ,17,Wednesday,4,116,2023-04-26
20210612,2021,2,6,June     ,24,Saturday,7,163,2021-06-12
20211119,2021,4,11,November ,47,Friday,6,323,2021-11-19
20210605,2021,2,6,June     ,23,Saturday,7,156,2021-06-05
20200228,2020,1,2,February ,9,Friday,6,59,2020-02-28
20191228,2019,4,12,December ,52,Saturday,7,362,2019-12-28
20230111,2023,1,1,January  ,2,Wednesday,4,11,2023-01-11
20221027,2022,4,10,October  ,44,Thursday,5,300,2022-10-27
20230511,2023,2,5,May      ,19,Thursday,5,131,2023-05-11
20230108,2023,1,1,January  ,2,Sunday,1,8,2023-01-08
20200601,2020,2,6,June     ,23,Monday,2,153,2020-06-01
20231102,2023,4,11,November ,44,Thursday,5,306,2023-11-02
20230522,2023,2,5,May      ,21,Monday,2,142,2023-05-22
20200620,2020,2,6,June     ,25,Saturday,7,172,2020-06-20
20220527,2022,2,5,May      ,22,Friday,6,147,2022-05-27
20190728,2019,3,7,July     ,31,Sunday,1,209,2019-07-28
20200919,2020,3,9,September,38,Saturday,7,263,2020-09-19
20231215,2023,4,12,December ,50,Friday,6,349,2023-12-15
20200422,2020,2,4,April    ,17,Wednesday,4,113,2020-04-22
20191001,2019,4,10,October  ,40,Tuesday,3,274,2019-10-01
20200929,2020,3,9,September,40,Tuesday,3,273,2020-09-29
20210725,2021,3,7,July     ,31,Sunday,1,206,2021-07-25
20231103,2023,4,11,November ,44,Friday,6,307,2023-11-03
20210122,2021,1,1,January  ,4,Friday,6,22,2021-01-22
20200531,2020,2,5,May      ,23,Sunday,1,152,2020-05-31
20230310,2023,1,3,March    ,10,Friday,6,69,2023-03-10
20200917,2020,3,9,September,38,Thursday,5,261,2020-09-17
20210830,2021,3,8,August   ,36,Monday,2,242,2021-08-30
20200622,2020,2,6,June     ,26,Monday,2,174,2020-06-22
20201004,2020,4,10,October  ,41,Sunday,1,278,2020-10-04
20211208,2021,4,12,December ,50,Wednesday,4,342,2021-12-08
20220911,2022,3,9,September,38,Sunday,1,254,2022-09-11
20200331,2020,1,3,March    ,14,Tuesday,3,91,2020-03-31
20240426,2024,2,4,April    ,17,Friday,6,117,2024-04-26
20210531,2021,2,5,May      ,23,Monday,2,151,2021-05-31
20220521,2022,2,5,May      ,21,Saturday,7,141,2022-05-21
20220622,2022,2,6,June     ,26,Wednesday,4,173,2022-06-22
20230912,2023,3,9,September,37,Tuesday,3,255,2023-09-12
20230501,2023,2,5,May      ,18,Monday,2,121,2023-05-01
20230716,2023,3,7,July     ,29,Sunday,1,197,2023-07-16
20191011,2019,4,10,October  ,41,Friday,6,284,2019-10-11
20201002,2020,4,10,October  ,40,Friday,6,276,2020-10-02
20210304,2021,1,3,March    ,10,Thursday,5,63,2021-03-04
20210401,2021,2,4,April    ,14,Thursday,5,91,2021-04-01
20201204,2020,4,12,December ,49,Friday,6,339,2020-12-04
20191220,2019,4,12,December ,51,Friday,6,354,2019-12-20
20201003,2020,4,10,October  ,40,Saturday,7,277,2020-10-03
20220506,2022,2,5,May      ,19,Friday,6,126,2022-05-06
20230922,2023,3,9,September,38,Friday,6,265,2023-09-22
20190823,2019,3,8,August   ,34,Friday,6,235,2019-08-23
20191116,2019,4,11,November ,46,Saturday,7,320,2019-11-16
20200705,2020,3,7,July     ,28,Sunday,1,187,2020-07-05
20231124,2023,4,11,November ,47,Friday,6,328,2023-11-24
20230804,2023,3,8,August   ,31,Friday,6,216,2023-08-04
20210609,2021,2,6,June     ,24,Wednesday,4,160,2021-06-09
20190518,2019,2,5,May      ,20,Saturday,7,138,2019-05-18
20240329,2024,1,3,March    ,13,Friday,6,89,2024-03-29
20231118,2023,4,11,November ,46,Saturday,7,322,2023-11-18
20230708,2023,3,7,July     ,27,Saturday,7,189,2023-07-08
20220503,2022,2,5,May      ,19,Tuesday,3,123,2022-05-03
20221130,2022,4,11,November ,49,Wednesday,4,334,2022-11-30
20200414,2020,2,4,April    ,16,Tuesday,3,105,2020-04-14
20210923,2021,3,9,September,39,Thursday,5,266,2021-09-23
20191215,2019,4,12,December ,51,Sunday,1,349,2019-12-15
20210703,2021,3,7,July     ,27,Saturday,7,184,2021-07-03
20201029,2020,4,10,October  ,44,Thursday,5,303,2020-10-29
20191114,2019,4,11,November ,46,Thursday,5,318,2019-11-14
20210212,2021,1,2,February ,7,Friday,6,43,2021-02-12
20200318,2020,1,3,March    ,12,Wednesday,4,78,2020-03-18
20190619,2019,2,6,June     ,25,Wednesday,4,170,2019-06-19
20220228,2022,1,2,February ,10,Monday,2,59,2022-02-28
20230504,2023,2,5,May      ,18,Thursday,5,124,2023-05-04
20210323,2021,1,3,March    ,13,Tuesday,3,82,2021-03-23
20201126,2020,4,11,November ,48,Thursday,5,331,2020-11-26
20190903,2019,3,9,September,36,Tuesday,3,246,2019-09-03
20220115,2022,1,1,January  ,3,Saturday,7,15,2022-01-15
20240319,2024,1,3,March    ,12,Tuesday,3,79,2024-03-19
20220720,2022,3,7,July     ,30,Wednesday,4,201,2022-07-20
20230317,2023,1,3,March    ,11,Friday,6,76,2023-03-17
20200518,2020,2,5,May      ,21,Monday,2,139,2020-05-18
20200524,2020,2,5,May      ,22,Sunday,1,145,2020-05-24
20220623,2022,2,6,June     ,26,Thursday,5,174,2022-06-23
20211107,2021,4,11,November ,46,Sunday,1,311,2021-11-07
20221116,2022,4,11,November ,47,Wednesday,4,320,2022-11-16
20240312,2024,1,3,March    ,11,Tuesday,3,72,2024-03-12
20240413,2024,2,4,April    ,15,Saturday,7,104,2024-04-13
20210815,2021,3,8,August   ,34,Sunday,1,227,2021-08-15
20210418,2021,2,4,April    ,17,Sunday,1,108,2021-04-18
20210702,2021,3,7,July     ,27,Friday,6,183,2021-07-02
20200324,2020,1,3,March    ,13,Tuesday,3,84,2020-03-24
20201014,2020,4,10,October  ,42,Wednesday,4,288,2020-10-14
20220906,2022,3,9,September,37,Tuesday,3,249,2022-09-06
20200117,2020,1,1,January  ,3,Friday,6,17,2020-01-17
20200506,2020,2,5,May      ,19,Wednesday,4,127,2020-05-06
20220311,2022,1,3,March    ,11,Friday,6,70,2022-03-11
20200613,2020,2,6,June     ,24,Saturday,7,165,2020-06-13
20190803,2019,3,8,August   ,31,Saturday,7,215,2019-08-03
20191018,2019,4,10,October  ,42,Friday,6,291,2019-10-18
20230106,2023,1,1,January  ,1,Friday,6,6,2023-01-06
20220624,2022,2,6,June     ,26,Friday,6,175,2022-06-24
20221229,2022,4,12,December ,53,Thursday,5,363,2022-12-29
20221225,2022,4,12,December ,53,Sunday,1,359,2022-12-25
20210615,2021,2,6,June     ,25,Tuesday,3,166,2021-06-15
20191102,2019,4,11,November ,44,Saturday,7,306,2019-11-02
20200629,2020,2,6,June     ,27,Monday,2,181,2020-06-29
20211126,2021,4,11,November ,48,Friday,6,330,2021-11-26
20210302,2021,1,3,March    ,10,Tuesday,3,61,2021-03-02
20200922,2020,3,9,September,39,Tuesday,3,266,2020-09-22
20240131,2024,1,1,January  ,5,Wednesday,4,31,2024-01-31
20201020,2020,4,10,October  ,43,Tuesday,3,294,2020-10-20
20201202,2020,4,12,December ,49,Wednesday,4,337,2020-12-02
20230502,2023,2,5,May      ,18,Tuesday,3,122,2023-05-02
20210822,2021,3,8,August   ,35,Sunday,1,234,2021-08-22
20230820,2023,3,8,August   ,34,Sunday,1,232,2023-08-20
20220328,2022,1,3,March    ,14,Monday,2,87,2022-03-28
20190905,2019,3,9,September,36,Thursday,5,248,2019-09-05
20230704,2023,3,7,July     ,27,Tuesday,3,185,2023-07-04
20221024,2022,4,10,October  ,44,Monday,2,297,2022-10-24
20240109,2024,1,1,January  ,2,Tuesday,3,9,2024-01-09
20220726,2022,3,7,July     ,31,Tuesday,3,207,2022-07-26
20220204,2022,1,2,February ,6,Friday,6,35,2022-02-04
20240414,2024,2,4,April    ,16,Sunday,1,105,2024-04-14
20211105,2021,4,11,November ,45,Friday,6,309,2021-11-05
20200405,2020,2,4,April    ,15,Sunday,1,96,2020-04-05
20190707,2019,3,7,July     ,28,Sunday,1,188,2019-07-07
20210522,2021,2,5,May      ,21,Saturday,7,142,2021-05-22
20231108,2023,4,11,November ,45,Wednesday,4,312,2023-11-08
20190726,2019,3,7,July     ,30,Friday,6,207,2019-07-26
20230926,2023,3,9,September,39,Tuesday,3,269,2023-09-26
20210511,2021,2,5,May      ,20,Tuesday,3,131,2021-05-11
20240408,2024,2,4,April    ,15,Monday,2,99,2024-04-08
20240415,2024,2,4,April    ,16,Monday,2,106,2024-04-15
20230110,2023,1,1,January  ,2,Tuesday,3,10,2023-01-10
20190616,2019,2,6,June     ,25,Sunday,1,167,2019-06-16
20220630,2022,2,6,June     ,27,Thursday,5,181,2022-06-30
20200906,2020,3,9,September,37,Sunday,1,250,2020-09-06
20200726,2020,3,7,July     ,31,Sunday,1,208,2020-07-26
20200724,2020,3,7,July     ,30,Friday,6,206,2020-07-24
20221118,2022,4,11,November ,47,Friday,6,322,2022-11-18
20190725,2019,3,7,July     ,30,Thursday,5,206,2019-07-25
20210719,2021,3,7,July     ,30,Monday,2,200,2021-07-19
20191205,2019,4,12,December ,49,Thursday,5,339,2019-12-05
20191124,2019,4,11,November ,48,Sunday,1,328,2019-11-24
20210625,2021,2,6,June     ,26,Friday,6,176,2021-06-25
20240114,2024,1,1,January  ,3,Sunday,1,14,2024-01-14
20211202,2021,4,12,December ,49,Thursday,5,336,2021-12-02
20221218,2022,4,12,December ,52,Sunday,1,352,2022-12-18
20201018,2020,4,10,October  ,43,Sunday,1,292,2020-10-18
20190704,2019,3,7,July     ,27,Thursday,5,185,2019-07-04
20200125,2020,1,1,January  ,4,Saturday,7,25,2020-01-25
20240330,2024,1,3,March    ,13,Saturday,7,90,2024-03-30
20210614,2021,2,6,June     ,25,Monday,2,165,2021-06-14
20200606,2020,2,6,June     ,23,Saturday,7,158,2020-06-06
20230621,2023,2,6,June     ,25,Wednesday,4,172,2023-06-21
20221219,2022,4,12,December ,52,Monday,2,353,2022-12-19
20200711,2020,3,7,July     ,28,Saturday,7,193,2020-07-11
20200221,2020,1,2,February ,8,Friday,6,52,2020-02-21
20191030,2019,4,10,October  ,44,Wednesday,4,303,2019-10-30
20200222,2020,1,2,February ,8,Saturday,7,53,2020-02-22
20201212,2020,4,12,December ,50,Saturday,7,347,2020-12-12
20231019,2023,4,10,October  ,42,Thursday,5,292,2023-10-19
20230327,2023,1,3,March    ,13,Monday,2,86,2023-03-27
20231208,2023,4,12,December ,49,Friday,6,342,2023-12-08
20200604,2020,2,6,June     ,23,Thursday,5,156,2020-06-04
20240226,2024,1,2,February ,9,Monday,2,57,2024-02-26
20210320,2021,1,3,March    ,12,Saturday,7,79,2021-03-20
20220730,2022,3,7,July     ,31,Saturday,7,211,2022-07-30
20230219,2023,1,2,February ,8,Sunday,1,50,2023-02-19
20240128,2024,1,1,January  ,5,Sunday,1,28,2024-01-28
20210715,2021,3,7,July     ,29,Thursday,5,196,2021-07-15
20240120,2024,1,1,January  ,3,Saturday,7,20,2024-01-20
20201012,2020,4,10,October  ,42,Monday,2,286,2020-10-12
20190818,2019,3,8,August   ,34,Sunday,1,230,2019-08-18
20191108,2019,4,11,November ,45,Friday,6,312,2019-11-08
20231018,2023,4,10,October  ,42,Wednesday,4,291,2023-10-18
20220721,2022,3,7,July     ,30,Thursday,5,202,2022-07-21
20200430,2020,2,4,April    ,18,Thursday,5,121,2020-04-30
20190517,2019,2,5,May      ,20,Friday,6,137,2019-05-17
20231010,2023,4,10,October  ,41,Tuesday,3,283,2023-10-10
20231016,2023,4,10,October  ,42,Monday,2,289,2023-10-16
20191212,2019,4,12,December ,50,Thursday,5,346,2019-12-12
20230923,2023,3,9,September,38,Saturday,7,266,2023-09-23
20220529,2022,2,5,May      ,23,Sunday,1,149,2022-05-29
20200912,2020,3,9,September,37,Saturday,7,256,2020-09-12
20221213,2022,4,12,December ,51,Tuesday,3,347,2022-12-13
20220905,2022,3,9,September,37,Monday,2,248,2022-09-05
20210313,2021,1,3,March    ,11,Saturday,7,72,2021-03-13
20191109,2019,4,11,November ,45,Saturday,7,313,2019-11-09
20191222,2019,4,12,December ,52,Sunday,1,356,2019-12-22
20200607,2020,2,6,June     ,24,Sunday,1,159,2020-06-07
20211130,2021,4,11,November ,49,Tuesday,3,334,2021-11-30
20220929,2022,3,9,September,40,Thursday,5,272,2022-09-29
20201119,2020,4,11,November ,47,Thursday,5,324,2020-11-19
20200319,2020,1,3,March    ,12,Thursday,5,79,2020-03-19
20240428,2024,2,4,April    ,18,Sunday,1,119,2024-04-28
20200208,2020,1,2,February ,6,Saturday,7,39,2020-02-08
20230312,2023,1,3,March    ,11,Sunday,1,71,2023-03-12
20210119,2021,1,1,January  ,4,Tuesday,3,19,2021-01-19
20191019,2019,4,10,October  ,42,Saturday,7,292,2019-10-19
20210126,2021,1,1,January  ,5,Tuesday,3,26,2021-01-26
20221022,2022,4,10,October  ,43,Saturday,7,295,2022-10-22
20230530,2023,2,5,May      ,22,Tuesday,3,150,2023-05-30
20220409,2022,2,4,April    ,15,Saturday,7,99,2022-04-09
20210619,2021,2,6,June     ,25,Saturday,7,170,2021-06-19
20210711,2021,3,7,July     ,29,Sunday,1,192,2021-07-11
20230217,2023,1,2,February ,7,Friday,6,48,2023-02-17
20200913,2020,3,9,September,38,Sunday,1,257,2020-09-13
20190908,2019,3,9,September,37,Sunday,1,251,2019-09-08
20230816,2023,3,8,August   ,33,Wednesday,4,228,2023-08-16
20190720,2019,3,7,July     ,29,Saturday,7,201,2019-07-20
20191221,2019,4,12,December ,51,Saturday,7,355,2019-12-21
20200719,2020,3,7,July     ,30,Sunday,1,201,2020-07-19
20201124,2020,4,11,November ,48,Tuesday,3,329,2020-11-24
20220620,2022,2,6,June     ,26,Monday,2,171,2022-06-20
20220709,2022,3,7,July     ,28,Saturday,7,190,2022-07-09
20230315,2023,1,3,March    ,11,Wednesday,4,74,2023-03-15
20240427,2024,2,4,April    ,17,Saturday,7,118,2024-04-27
20200901,2020,3,9,September,36,Tuesday,3,245,2020-09-01
20200219,2020,1,2,February ,8,Wednesday,4,50,2020-02-19
20220801,2022,3,8,August   ,32,Monday,2,213,2022-08-01
20190801,2019,3,8,August   ,31,Thursday,5,213,2019-08-01
20200104,2020,1,1,January  ,1,Saturday,7,4,2020-01-04
20230214,2023,1,2,February ,7,Tuesday,3,45,2023-02-14
20210106,2021,1,1,January  ,2,Wednesday,4,6,2021-01-06
20190606,2019,2,6,June     ,23,Thursday,5,157,2019-06-06
20191127,2019,4,11,November ,48,Wednesday,4,331,2019-11-27
20220415,2022,2,4,April    ,16,Friday,6,105,2022-04-15
20230505,2023,2,5,May      ,18,Friday,6,125,2023-05-05
20230526,2023,2,5,May      ,21,Friday,6,146,2023-05-26
20230805,2023,3,8,August   ,31,Saturday,7,217,2023-08-05
20240217,2024,1,2,February ,7,Saturday,7,48,2024-02-17
20240303,2024,1,3,March    ,10,Sunday,1,63,2024-03-03
20220723,2022,3,7,July     ,30,Saturday,7,204,2022-07-23
20201019,2020,4,10,October  ,43,Monday,2,293,2020-10-19
20190608,2019,2,6,June     ,23,Saturday,7,159,2019-06-08
20211101,2021,4,11,November ,45,Monday,2,305,2021-11-01
20220430,2022,2,4,April    ,18,Saturday,7,120,2022-04-30
20230125,2023,1,1,January  ,4,Wednesday,4,25,2023-01-25
20230225,2023,1,2,February ,8,Saturday,7,56,2023-02-25
20210808,2021,3,8,August   ,33,Sunday,1,220,2021-08-08
20191203,2019,4,12,December ,49,Tuesday,3,337,2019-12-03
20210621,2021,2,6,June     ,26,Monday,2,172,2021-06-21
20201104,2020,4,11,November ,45,Wednesday,4,309,2020-11-04
20230324,2023,1,3,March    ,12,Friday,6,83,2023-03-24
20240213,2024,1,2,February ,7,Tuesday,3,44,2024-02-13
20230602,2023,2,6,June     ,22,Friday,6,153,2023-06-02
20190824,2019,3,8,August   ,34,Saturday,7,236,2019-08-24
20240317,2024,1,3,March    ,12,Sunday,1,77,2024-03-17
20210928,2021,3,9,September,40,Tuesday,3,271,2021-09-28
20240403,2024,2,4,April    ,14,Wednesday,4,94,2024-04-03
20221101,2022,4,11,November ,45,Tuesday,3,305,2022-11-01
20220505,2022,2,5,May      ,19,Thursday,5,125,2022-05-05
20200416,2020,2,4,April    ,16,Thursday,5,107,2020-04-16
20191230,2019,4,12,December ,1,Monday,2,364,2019-12-30
20200202,2020,1,2,February ,6,Sunday,1,33,2020-02-02
20221115,2022,4,11,November ,47,Tuesday,3,319,2022-11-15
20200816,2020,3,8,August   ,34,Sunday,1,229,2020-08-16
20240310,2024,1,3,March    ,11,Sunday,1,70,2024-03-10
20200801,2020,3,8,August   ,31,Saturday,7,214,2020-08-01
20200703,2020,3,7,July     ,27,Friday,6,185,2020-07-03
20191020,2019,4,10,October  ,43,Sunday,1,293,2019-10-20
20191227,2019,4,12,December ,52,Friday,6,361,2019-12-27
20240112,2024,1,1,January  ,2,Friday,6,12,2024-01-12
20230918,2023,3,9,September,38,Monday,2,261,2023-09-18
20230715,2023,3,7,July     ,28,Saturday,7,196,2023-07-15
20210105,2021,1,1,January  ,2,Tuesday,3,5,2021-01-05
20210121,2021,1,1,January  ,4,Thursday,5,21,2021-01-21
20200428,2020,2,4,April    ,18,Tuesday,3,119,2020-04-28
20200612,2020,2,6,June     ,24,Friday,6,164,2020-06-12
20210707,2021,3,7,July     ,28,Wednesday,4,188,2021-07-07
20221122,2022,4,11,November ,48,Tuesday,3,326,2022-11-22
20231012,2023,4,10,October  ,41,Thursday,5,285,2023-10-12
20240322,2024,1,3,March    ,12,Friday,6,82,2024-03-22
20240210,2024,1,2,February ,6,Saturday,7,41,2024-02-10
20220225,2022,1,2,February ,9,Friday,6,56,2022-02-25
20210314,2021,1,3,March    ,12,Sunday,1,73,2021-03-14
20230513,2023,2,5,May      ,19,Saturday,7,133,2023-05-13
20190611,2019,2,6,June     ,24,Tuesday,3,162,2019-06-11
20221106,2022,4,11,November ,46,Sunday,1,310,2022-11-06
20230414,2023,2,4,April    ,15,Friday,6,104,2023-04-14
20221015,2022,4,10,October  ,42,Saturday,7,288,2022-10-15
20240416,2024,2,4,April    ,16,Tuesday,3,107,2024-04-16
20200611,2020,2,6,June     ,24,Thursday,5,163,2020-06-11
20230120,2023,1,1,January  ,3,Friday,6,20,2023-01-20
20230422,2023,2,4,April    ,16,Saturday,7,112,2023-04-22
20230824,2023,3,8,August   ,34,Thursday,5,236,2023-08-24
20190615,2019,2,6,June     ,24,Saturday,7,166,2019-06-15
20230811,2023,3,8,August   ,32,Friday,6,223,2023-08-11
20201203,2020,4,12,December ,49,Thursday,5,338,2020-12-03
20230311,2023,1,3,March    ,10,Saturday,7,70,2023-03-11
20231014,2023,4,10,October  ,41,Saturday,7,287,2023-10-14
20240326,2024,1,3,March    ,13,Tuesday,3,86,2024-03-26
20190918,2019,3,9,September,38,Wednesday,4,261,2019-09-18
20201205,2020,4,12,December ,49,Saturday,7,340,2020-12-05
20230509,2023,2,5,May      ,19,Tuesday,3,129,2023-05-09
20220924,2022,3,9,September,39,Saturday,7,267,2022-09-24
20200626,2020,2,6,June     ,26,Friday,6,178,2020-06-26
20221216,2022,4,12,December ,51,Friday,6,350,2022-12-16
20220422,2022,2,4,April    ,17,Friday,6,112,2022-04-22
20210116,2021,1,1,January  ,3,Saturday,7,16,2021-01-16
20210723,2021,3,7,July     ,30,Friday,6,204,2021-07-23
20230706,2023,3,7,July     ,27,Thursday,5,187,2023-07-06
20230930,2023,3,9,September,39,Saturday,7,273,2023-09-30
20230128,2023,1,1,January  ,4,Saturday,7,28,2023-01-28
20210705,2021,3,7,July     ,28,Monday,2,186,2021-07-05
20210525,2021,2,5,May      ,22,Tuesday,3,145,2021-05-25
20231119,2023,4,11,November ,47,Sunday,1,323,2023-11-19
20220109,2022,1,1,January  ,3,Sunday,1,9,2022-01-09
20210912,2021,3,9,September,38,Sunday,1,255,2021-09-12
20210419,2021,2,4,April    ,17,Monday,2,109,2021-04-19
20220316,2022,1,3,March    ,12,Wednesday,4,75,2022-03-16
20210129,2021,1,1,January  ,5,Friday,6,29,2021-01-29
20210620,2021,2,6,June     ,26,Sunday,1,171,2021-06-20
20240201,2024,1,2,February ,5,Thursday,5,32,2024-02-01
20220124,2022,1,1,January  ,5,Monday,2,24,2022-01-24
20230118,2023,1,1,January  ,3,Wednesday,4,18,2023-01-18
20190913,2019,3,9,September,37,Friday,6,256,2019-09-13
20221011,2022,4,10,October  ,42,Tuesday,3,284,2022-10-11
20200627,2020,2,6,June     ,26,Saturday,7,179,2020-06-27
20200818,2020,3,8,August   ,34,Tuesday,3,231,2020-08-18
20190516,2019,2,5,May      ,20,Thursday,5,136,2019-05-16
20220307,2022,1,3,March    ,11,Monday,2,66,2022-03-07
20221210,2022,4,12,December ,50,Saturday,7,344,2022-12-10
20200925,2020,3,9,September,39,Friday,6,269,2020-09-25
20200707,2020,3,7,July     ,28,Tuesday,3,189,2020-07-07
20210303,2021,1,3,March    ,10,Wednesday,4,62,2021-03-03
20211228,2021,4,12,December ,1,Tuesday,3,362,2021-12-28
20230809,2023,3,8,August   ,32,Wednesday,4,221,2023-08-09
20230404,2023,2,4,April    ,14,Tuesday,3,94,2023-04-04
20200514,2020,2,5,May      ,20,Thursday,5,135,2020-05-14
20230329,2023,1,3,March    ,13,Wednesday,4,88,2023-03-29
20210712,2021,3,7,July     ,29,Monday,2,193,2021-07-12
20230908,2023,3,9,September,36,Friday,6,251,2023-09-08
20230814,2023,3,8,August   ,33,Monday,2,226,2023-08-14
20190811,2019,3,8,August   ,33,Sunday,1,223,2019-08-11
20230807,2023,3,8,August   ,32,Monday,2,219,2023-08-07
20230611,2023,2,6,June     ,24,Sunday,1,162,2023-06-11
20220610,2022,2,6,June     ,24,Friday,6,161,2022-06-10
20210102,2021,1,1,January  ,1,Saturday,7,2,2021-01-02
20230823,2023,3,8,August   ,34,Wednesday,4,235,2023-08-23
20210125,2021,1,1,January  ,5,Monday,2,25,2021-01-25
20221111,2022,4,11,November ,46,Friday,6,315,2022-11-11
20220914,2022,3,9,September,38,Wednesday,4,257,2022-09-14
20201013,2020,4,10,October  ,42,Tuesday,3,287,2020-10-13
20190605,2019,2,6,June     ,23,Wednesday,4,156,2019-06-05
20200225,2020,1,2,February ,9,Tuesday,3,56,2020-02-25
20211213,2021,4,12,December ,51,Monday,2,347,2021-12-13
20191119,2019,4,11,November ,47,Tuesday,3,323,2019-11-19
20211229,2021,4,12,December ,1,Wednesday,4,363,2021-12-29
20210717,2021,3,7,July     ,29,Saturday,7,198,2021-07-17
20191214,2019,4,12,December ,50,Saturday,7,348,2019-12-14
20200704,2020,3,7,July     ,27,Saturday,7,186,2020-07-04
20220324,2022,1,3,March    ,13,Thursday,5,83,2022-03-24
20240306,2024,1,3,March    ,10,Wednesday,4,66,2024-03-06
20200507,2020,2,5,May      ,19,Thursday,5,128,2020-05-07
20201011,2020,4,10,October  ,42,Sunday,1,285,2020-10-11
20220926,2022,3,9,September,40,Monday,2,269,2022-09-26
20201227,2020,4,12,December ,1,Sunday,1,362,2020-12-27
20191224,2019,4,12,December ,52,Tuesday,3,358,2019-12-24
20211014,2021,4,10,October  ,42,Thursday,5,287,2021-10-14
20230625,2023,2,6,June     ,26,Sunday,1,176,2023-06-25
20220617,2022,2,6,June     ,25,Friday,6,168,2022-06-17
20210101,2021,1,1,January  ,1,Friday,6,1,2021-01-01
20210925,2021,3,9,September,39,Saturday,7,268,2021-09-25
20230101,2023,1,1,January  ,1,Sunday,1,1,2023-01-01
20210123,2021,1,1,January  ,4,Saturday,7,23,2021-01-23
20201217,2020,4,12,December ,51,Thursday,5,352,2020-12-17
20220411,2022,2,4,April    ,16,Monday,2,101,2022-04-11
20211029,2021,4,10,October  ,44,Friday,6,302,2021-10-29
20230221,2023,1,2,February ,8,Tuesday,3,52,2023-02-21
20230402,2023,2,4,April    ,14,Sunday,1,92,2023-04-02
20210217,2021,1,2,February ,8,Wednesday,4,48,2021-02-17
20231230,2023,4,12,December ,52,Saturday,7,364,2023-12-30
20220121,2022,1,1,January  ,4,Friday,6,21,2022-01-21
20200410,2020,2,4,April    ,15,Friday,6,101,2020-04-10
20230325,2023,1,3,March    ,12,Saturday,7,84,2023-03-25
20190710,2019,3,7,July     ,28,Wednesday,4,191,2019-07-10
20200529,2020,2,5,May      ,22,Friday,6,150,2020-05-29
20220718,2022,3,7,July     ,30,Monday,2,199,2022-07-18
20240320,2024,1,3,March    ,12,Wednesday,4,80,2024-03-20
20201228,2020,4,12,December ,1,Monday,2,363,2020-12-28
20231104,2023,4,11,November ,44,Saturday,7,308,2023-11-04
20200206,2020,1,2,February ,6,Thursday,5,37,2020-02-06
20201225,2020,4,12,December ,52,Friday,6,360,2020-12-25
20220913,2022,3,9,September,38,Tuesday,3,256,2022-09-13
20200131,2020,1,1,January  ,5,Friday,6,31,2020-01-31
20211205,2021,4,12,December ,50,Sunday,1,339,2021-12-05
20191226,2019,4,12,December ,52,Thursday,5,360,2019-12-26
20191202,2019,4,12,December ,49,Monday,2,336,2019-12-02
20210111,2021,1,1,January  ,3,Monday,2,11,2021-01-11
20230427,2023,2,4,April    ,17,Thursday,5,117,2023-04-27
20190919,2019,3,9,September,38,Thursday,5,262,2019-09-19
20191107,2019,4,11,November ,45,Thursday,5,311,2019-11-07
20231109,2023,4,11,November ,45,Thursday,5,313,2023-11-09
20200525,2020,2,5,May      ,22,Monday,2,146,2020-05-25
20220714,2022,3,7,July     ,29,Thursday,5,195,2022-07-14
20200413,2020,2,4,April    ,16,Monday,2,104,2020-04-13
20210115,2021,1,1,January  ,3,Friday,6,15,2021-01-15
20221014,2022,4,10,October  ,42,Friday,6,287,2022-10-14
20200229,2020,1,2,February ,9,Saturday,7,60,2020-02-29
20210827,2021,3,8,August   ,35,Friday,6,239,2021-08-27
20220428,2022,2,4,April    ,18,Thursday,5,118,2022-04-28
20211013,2021,4,10,October  ,42,Wednesday,4,286,2021-10-13
20240417,2024,2,4,April    ,16,Wednesday,4,108,2024-04-17
20231209,2023,4,12,December ,49,Saturday,7,343,2023-12-09
20230722,2023,3,7,July     ,29,Saturday,7,203,2023-07-22
20210803,2021,3,8,August   ,32,Tuesday,3,215,2021-08-03
20211010,2021,4,10,October  ,42,Sunday,1,283,2021-10-10
20231212,2023,4,12,December ,50,Tuesday,3,346,2023-12-12
20200616,2020,2,6,June     ,25,Tuesday,3,168,2020-06-16
20210720,2021,3,7,July     ,30,Tuesday,3,201,2021-07-20
20221129,2022,4,11,November ,49,Tuesday,3,333,2022-11-29
20230220,2023,1,2,February ,8,Monday,2,51,2023-02-20
20210425,2021,2,4,April    ,18,Sunday,1,115,2021-04-25
20230909,2023,3,9,September,36,Saturday,7,252,2023-09-09
20230705,2023,3,7,July     ,27,Wednesday,4,186,2023-07-05
20231125,2023,4,11,November ,47,Saturday,7,329,2023-11-25
20210312,2021,1,3,March    ,11,Friday,6,71,2021-03-12
20210225,2021,1,2,February ,9,Thursday,5,56,2021-02-25
20201112,2020,4,11,November ,46,Thursday,5,317,2020-11-12
20191217,2019,4,12,December ,51,Tuesday,3,351,2019-12-17
20210204,2021,1,2,February ,6,Thursday,5,35,2021-02-04
20191111,2019,4,11,November ,46,Monday,2,315,2019-11-11
20200827,2020,3,8,August   ,35,Thursday,5,240,2020-08-27
20230201,2023,1,2,February ,5,Wednesday,4,32,2023-02-01
20200124,2020,1,1,January  ,4,Friday,6,24,2020-01-24
20210713,2021,3,7,July     ,29,Tuesday,3,194,2021-07-13
20231004,2023,4,10,October  ,40,Wednesday,4,277,2023-10-04
20200403,2020,2,4,April    ,14,Friday,6,94,2020-04-03
20191218,2019,4,12,December ,51,Wednesday,4,352,2019-12-18
20230516,2023,2,5,May      ,20,Tuesday,3,136,2023-05-16
20240214,2024,1,2,February ,7,Wednesday,4,45,2024-02-14
20200218,2020,1,2,February ,8,Tuesday,3,49,2020-02-18
20230306,2023,1,3,March    ,10,Monday,2,65,2023-03-06
20210414,2021,2,4,April    ,16,Wednesday,4,104,2021-04-14
20200904,2020,3,9,September,36,Friday,6,248,2020-09-04
20201123,2020,4,11,November ,48,Monday,2,328,2020-11-23
20211109,2021,4,11,November ,46,Tuesday,3,313,2021-11-09
20200927,2020,3,9,September,40,Sunday,1,271,2020-09-27
20201129,2020,4,11,November ,49,Sunday,1,334,2020-11-29
20220306,2022,1,3,March    ,11,Sunday,1,65,2022-03-06
20190630,2019,2,6,June     ,27,Sunday,1,181,2019-06-30
20230313,2023,1,3,March    ,11,Monday,2,72,2023-03-13
20220827,2022,3,8,August   ,35,Saturday,7,239,2022-08-27
20210512,2021,2,5,May      ,20,Wednesday,4,132,2021-05-12
20210509,2021,2,5,May      ,20,Sunday,1,129,2021-05-09
20221026,2022,4,10,October  ,44,Wednesday,4,299,2022-10-26
20210104,2021,1,1,January  ,2,Monday,2,4,2021-01-04
20240207,2024,1,2,February ,6,Wednesday,4,38,2024-02-07
20200315,2020,1,3,March    ,12,Sunday,1,75,2020-03-15
20200511,2020,2,5,May      ,20,Monday,2,132,2020-05-11
20200911,2020,3,9,September,37,Friday,6,255,2020-09-11
20210308,2021,1,3,March    ,11,Monday,2,67,2021-03-08
20200101,2020,1,1,January  ,1,Wednesday,4,1,2020-01-01
20190622,2019,2,6,June     ,25,Saturday,7,173,2019-06-22
20200720,2020,3,7,July     ,30,Monday,2,202,2020-07-20
20231031,2023,4,10,October  ,44,Tuesday,3,304,2023-10-31
20211028,2021,4,10,October  ,44,Thursday,5,301,2021-10-28
20211121,2021,4,11,November ,48,Sunday,1,325,2021-11-21
20220621,2022,2,6,June     ,26,Tuesday,3,172,2022-06-21
20230818,2023,3,8,August   ,33,Friday,6,230,2023-08-18
20190812,2019,3,8,August   ,33,Monday,2,224,2019-08-12
20200220,2020,1,2,February ,8,Thursday,5,51,2020-02-20
20200728,2020,3,7,July     ,31,Tuesday,3,210,2020-07-28
20230622,2023,2,6,June     ,25,Thursday,5,173,2023-06-22
20220618,2022,2,6,June     ,25,Saturday,7,169,2022-06-18
20200127,2020,1,1,January  ,5,Monday,2,27,2020-01-27
20200223,2020,1,2,February ,9,Sunday,1,54,2020-02-23
20201022,2020,4,10,October  ,43,Thursday,5,296,2020-10-22
20210426,2021,2,4,April    ,18,Monday,2,116,2021-04-26
20211222,2021,4,12,December ,52,Wednesday,4,356,2021-12-22
20220808,2022,3,8,August   ,33,Monday,2,220,2022-08-08
20221119,2022,4,11,November ,47,Saturday,7,323,2022-11-19
20200204,2020,1,2,February ,6,Tuesday,3,35,2020-02-04
20230318,2023,1,3,March    ,11,Saturday,7,77,2023-03-18
20200423,2020,2,4,April    ,17,Thursday,5,114,2020-04-23
20201222,2020,4,12,December ,52,Tuesday,3,357,2020-12-22
20240106,2024,1,1,January  ,1,Saturday,7,6,2024-01-06
20221110,2022,4,11,November ,46,Thursday,5,314,2022-11-10
20220609,2022,2,6,June     ,24,Thursday,5,160,2022-06-09
20191207,2019,4,12,December ,49,Saturday,7,341,2019-12-07
20230707,2023,3,7,July     ,27,Friday,6,188,2023-07-07
20191219,2019,4,12,December ,51,Thursday,5,353,2019-12-19
20200415,2020,2,4,April    ,16,Wednesday,4,106,2020-04-15
20211211,2021,4,12,December ,50,Saturday,7,345,2021-12-11
20190807,2019,3,8,August   ,32,Wednesday,4,219,2019-08-07
20220904,2022,3,9,September,37,Sunday,1,247,2022-09-04
20240130,2024,1,1,January  ,5,Tuesday,3,30,2024-01-30
20231217,2023,4,12,December ,51,Sunday,1,351,2023-12-17
20200409,2020,2,4,April    ,15,Thursday,5,100,2020-04-09
20230109,2023,1,1,January  ,2,Monday,2,9,2023-01-09
20191013,2019,4,10,October  ,42,Sunday,1,286,2019-10-13
20200727,2020,3,7,July     ,31,Monday,2,209,2020-07-27
20190804,2019,3,8,August   ,32,Sunday,1,216,2019-08-04
20240314,2024,1,3,March    ,11,Thursday,5,74,2024-03-14
20240202,2024,1,2,February ,5,Friday,6,33,2024-02-02
20220517,2022,2,5,May      ,21,Tuesday,3,137,2022-05-17
20220418,2022,2,4,April    ,17,Monday,2,108,2022-04-18
20221224,2022,4,12,December ,52,Saturday,7,358,2022-12-24
20231021,2023,4,10,October  ,42,Saturday,7,294,2023-10-21
20221114,2022,4,11,November ,47,Monday,2,318,2022-11-14
20221031,2022,4,10,October  ,45,Monday,2,304,2022-10-31
20230123,2023,1,1,January  ,4,Monday,2,23,2023-01-23
20230613,2023,2,6,June     ,24,Tuesday,3,164,2023-06-13
20240301,2024,1,3,March    ,9,Friday,6,61,2024-03-01
20230925,2023,3,9,September,39,Monday,2,268,2023-09-25
20201110,2020,4,11,November ,46,Tuesday,3,315,2020-11-10
20200807,2020,3,8,August   ,32,Friday,6,220,2020-08-07
20230711,2023,3,7,July     ,28,Tuesday,3,192,2023-07-11
20220120,2022,1,1,January  ,4,Thursday,5,20,2022-01-20
20220111,2022,1,1,January  ,3,Tuesday,3,11,2022-01-11
20191213,2019,4,12,December ,50,Friday,6,347,2019-12-13
20190522,2019,2,5,May      ,21,Wednesday,4,142,2019-05-22
20231226,2023,4,12,December ,52,Tuesday,3,360,2023-12-26
20190603,2019,2,6,June     ,23,Monday,2,154,2019-06-03
20231015,2023,4,10,October  ,42,Sunday,1,288,2023-10-15
20211201,2021,4,12,December ,49,Wednesday,4,335,2021-12-01
20201207,2020,4,12,December ,50,Monday,2,342,2020-12-07
20190826,2019,3,8,August   ,35,Monday,2,238,2019-08-26
20201206,2020,4,12,December ,50,Sunday,1,341,2020-12-06
20220519,2022,2,5,May      ,21,Thursday,5,139,2022-05-19
20191023,2019,4,10,October  ,43,Wednesday,4,296,2019-10-23
20220205,2022,1,2,February ,6,Saturday,7,36,2022-02-05
20201103,2020,4,11,November ,45,Tuesday,3,308,2020-11-03
20190729,2019,3,7,July     ,31,Monday,2,210,2019-07-29
20200214,2020,1,2,February ,7,Friday,6,45,2020-02-14
20240503,2024,2,5,May      ,18,Friday,6,124,2024-05-03
20230218,2023,1,2,February ,7,Saturday,7,49,2023-02-18
20230304,2023,1,3,March    ,9,Saturday,7,63,2023-03-04
20230204,2023,1,2,February ,5,Saturday,7,35,2023-02-04
20191103,2019,4,11,November ,45,Sunday,1,307,2019-11-03
20220611,2022,2,6,June     ,24,Saturday,7,162,2022-06-11
20210909,2021,3,9,September,37,Thursday,5,252,2021-09-09
20230719,2023,3,7,July     ,29,Wednesday,4,200,2023-07-19
20210814,2021,3,8,August   ,33,Saturday,7,226,2021-08-14
20200710,2020,3,7,July     ,28,Friday,6,192,2020-07-10
20230803,2023,3,8,August   ,31,Thursday,5,215,2023-08-03
20200216,2020,1,2,February ,8,Sunday,1,47,2020-02-16
20211026,2021,4,10,October  ,44,Tuesday,3,299,2021-10-26
20230726,2023,3,7,July     ,30,Wednesday,4,207,2023-07-26
20230406,2023,2,4,April    ,14,Thursday,5,96,2023-04-06
20231123,2023,4,11,November ,47,Thursday,5,327,2023-11-23
20201220,2020,4,12,December ,52,Sunday,1,355,2020-12-20
20220928,2022,3,9,September,40,Wednesday,4,271,2022-09-28
20220419,2022,2,4,April    ,17,Tuesday,3,109,2022-04-19
20190815,2019,3,8,August   ,33,Thursday,5,227,2019-08-15
20220513,2022,2,5,May      ,20,Friday,6,133,2022-05-13
20200910,2020,3,9,September,37,Thursday,5,254,2020-09-10
20220818,2022,3,8,August   ,34,Thursday,5,230,2022-08-18
20240423,2024,2,4,April    ,17,Tuesday,3,114,2024-04-23
20211207,2021,4,12,December ,50,Tuesday,3,341,2021-12-07
20200226,2020,1,2,February ,9,Wednesday,4,57,2020-02-26
20191010,2019,4,10,October  ,41,Thursday,5,283,2019-10-10
20230205,2023,1,2,February ,6,Sunday,1,36,2023-02-05
20240113,2024,1,1,January  ,2,Saturday,7,13,2024-01-13
20220128,2022,1,1,January  ,5,Friday,6,28,2022-01-28
20190806,2019,3,8,August   ,32,Tuesday,3,218,2019-08-06
20210704,2021,3,7,July     ,28,Sunday,1,185,2021-07-04
20230810,2023,3,8,August   ,32,Thursday,5,222,2023-08-10
20231227,2023,4,12,December ,52,Wednesday,4,361,2023-12-27
20190722,2019,3,7,July     ,30,Monday,2,203,2019-07-22
20240430,2024,2,4,April    ,18,Tuesday,3,121,2024-04-30
20200302,2020,1,3,March    ,10,Monday,2,62,2020-03-02
20230729,2023,3,7,July     ,30,Saturday,7,210,2023-07-29
20230529,2023,2,5,May      ,22,Monday,2,149,2023-05-29
20240409,2024,2,4,April    ,15,Tuesday,3,100,2024-04-09
20201125,2020,4,11,November ,48,Wednesday,4,330,2020-11-25
20200729,2020,3,7,July     ,31,Wednesday,4,211,2020-07-29
20210118,2021,1,1,January  ,4,Monday,2,18,2021-01-18
20191104,2019,4,11,November ,45,Monday,2,308,2019-11-04
20220429,2022,2,4,April    ,18,Friday,6,119,2022-04-29
20220612,2022,2,6,June     ,25,Sunday,1,163,2022-06-12
20191225,2019,4,12,December ,52,Wednesday,4,359,2019-12-25
20230115,2023,1,1,January  ,3,Sunday,1,15,2023-01-15
20230524,2023,2,5,May      ,21,Wednesday,4,144,2023-05-24
20230702,2023,3,7,July     ,27,Sunday,1,183,2023-07-02
20190527,2019,2,5,May      ,22,Monday,2,147,2019-05-27
20201130,2020,4,11,November ,49,Monday,2,335,2020-11-30
20220114,2022,1,1,January  ,3,Friday,6,14,2022-01-14
20220603,2022,2,6,June     ,23,Friday,6,154,2022-06-03
20200615,2020,2,6,June     ,25,Monday,2,167,2020-06-15
20191003,2019,4,10,October  ,40,Thursday,5,276,2019-10-03
20210404,2021,2,4,April    ,15,Sunday,1,94,2021-04-04
20210202,2021,1,2,February ,6,Tuesday,3,33,2021-02-02
20200213,2020,1,2,February ,7,Thursday,5,44,2020-02-13
20240315,2024,1,3,March    ,11,Friday,6,75,2024-03-15
20210809,2021,3,8,August   ,33,Monday,2,221,2021-08-09
20231205,2023,4,12,December ,49,Tuesday,3,339,2023-12-05
20220706,2022,3,7,July     ,28,Wednesday,4,187,2022-07-06
20211115,2021,4,11,November ,47,Monday,2,319,2021-11-15
20200305,2020,1,3,March    ,10,Thursday,5,65,2020-03-05
20220125,2022,1,1,January  ,5,Tuesday,3,25,2022-01-25
20230403,2023,2,4,April    ,14,Monday,2,93,2023-04-03
20221112,2022,4,11,November ,46,Saturday,7,316,2022-11-12
20240209,2024,1,2,February ,6,Friday,6,40,2024-02-09
20220903,2022,3,9,September,36,Saturday,7,246,2022-09-03
20200227,2020,1,2,February ,9,Thursday,5,58,2020-02-27
20220416,2022,2,4,April    ,16,Saturday,7,106,2022-04-16
20230410,2023,2,4,April    ,15,Monday,2,100,2023-04-10
20240218,2024,1,2,February ,8,Sunday,1,49,2024-02-18
20220710,2022,3,7,July     ,29,Sunday,1,191,2022-07-10
20210422,2021,2,4,April    ,17,Thursday,5,112,2021-04-22
20190825,2019,3,8,August   ,35,Sunday,1,237,2019-08-25
20221006,2022,4,10,October  ,41,Thursday,5,279,2022-10-06
20220405,2022,2,4,April    ,15,Tuesday,3,95,2022-04-05
20210710,2021,3,7,July     ,28,Saturday,7,191,2021-07-10
20190614,2019,2,6,June     ,24,Friday,6,165,2019-06-14
20220417,2022,2,4,April    ,17,Sunday,1,107,2022-04-17
20210919,2021,3,9,September,39,Sunday,1,262,2021-09-19
20230107,2023,1,1,January  ,1,Saturday,7,7,2023-01-07
20240307,2024,1,3,March    ,10,Thursday,5,67,2024-03-07
20200205,2020,1,2,February ,6,Wednesday,4,36,2020-02-05
20200217,2020,1,2,February ,8,Monday,2,48,2020-02-17
20211008,2021,4,10,October  ,41,Friday,6,281,2021-10-08
20230411,2023,2,4,April    ,15,Tuesday,3,101,2023-04-11
20211110,2021,4,11,November ,46,Wednesday,4,314,2021-11-10
20210226,2021,1,2,February ,9,Friday,6,57,2021-02-26
20210610,2021,2,6,June     ,24,Thursday,5,161,2021-06-10
20190528,2019,2,5,May      ,22,Tuesday,3,148,2019-05-28
20201118,2020,4,11,November ,47,Wednesday,4,323,2020-11-18
20240506,2024,2,5,May      ,19,Monday,2,127,2024-05-06
20230712,2023,3,7,July     ,28,Wednesday,4,193,2023-07-12
20210907,2021,3,9,September,37,Tuesday,3,250,2021-09-07
20220212,2022,1,2,February ,7,Saturday,7,43,2022-02-12
20210701,2021,3,7,July     ,27,Thursday,5,182,2021-07-01
20191106,2019,4,11,November ,45,Wednesday,4,310,2019-11-06
20230105,2023,1,1,January  ,1,Thursday,5,5,2023-01-05
20221108,2022,4,11,November ,46,Tuesday,3,312,2022-11-08
20220717,2022,3,7,July     ,30,Sunday,1,198,2022-07-17
20190727,2019,3,7,July     ,30,Saturday,7,208,2019-07-27
20230419,2023,2,4,April    ,16,Wednesday,4,109,2023-04-19
20191123,2019,4,11,November ,47,Saturday,7,327,2019-11-23
20200309,2020,1,3,March    ,11,Monday,2,69,2020-03-09
20231126,2023,4,11,November ,48,Sunday,1,330,2023-11-26
20190819,2019,3,8,August   ,34,Monday,2,231,2019-08-19
20220703,2022,3,7,July     ,28,Sunday,1,184,2022-07-03
20201101,2020,4,11,November ,45,Sunday,1,306,2020-11-01
20200330,2020,1,3,March    ,14,Monday,2,90,2020-03-30
20230130,2023,1,1,January  ,5,Monday,2,30,2023-01-30
20200312,2020,1,3,March    ,11,Thursday,5,72,2020-03-12
20190708,2019,3,7,July     ,28,Monday,2,189,2019-07-08
20210316,2021,1,3,March    ,12,Tuesday,3,75,2021-03-16
20230428,2023,2,4,April    ,17,Friday,6,118,2023-04-28
20240406,2024,2,4,April    ,14,Saturday,7,97,2024-04-06
20190521,2019,2,5,May      ,21,Tuesday,3,141,2019-05-21
20191006,2019,4,10,October  ,41,Sunday,1,279,2019-10-06
20240205,2024,1,2,February ,6,Monday,2,36,2024-02-05
20200731,2020,3,7,July     ,31,Friday,6,213,2020-07-31
20200111,2020,1,1,January  ,2,Saturday,7,11,2020-01-11
20230605,2023,2,6,June     ,23,Monday,2,156,2023-06-05
20190509,2019,2,5,May      ,19,Thursday,5,129,2019-05-09
20230227,2023,1,2,February ,9,Monday,2,58,2023-02-27
20220920,2022,3,9,September,39,Tuesday,3,263,2022-09-20
20230802,2023,3,8,August   ,31,Wednesday,4,214,2023-08-02
20220819,2022,3,8,August   ,34,Friday,6,231,2022-08-19
20210109,2021,1,1,January  ,2,Saturday,7,9,2021-01-09
20230417,2023,2,4,April    ,16,Monday,2,107,2023-04-17
20201221,2020,4,12,December ,52,Monday,2,356,2020-12-21
20200412,2020,2,4,April    ,16,Sunday,1,103,2020-04-12
20220223,2022,1,2,February ,9,Wednesday,4,54,2022-02-23
20221201,2022,4,12,December ,49,Thursday,5,335,2022-12-01
20220716,2022,3,7,July     ,29,Saturday,7,197,2022-07-16
20190911,2019,3,9,September,37,Wednesday,4,254,2019-09-11
20240410,2024,2,4,April    ,15,Wednesday,4,101,2024-04-10
20231107,2023,4,11,November ,45,Tuesday,3,311,2023-11-07
20220412,2022,2,4,April    ,16,Tuesday,3,102,2022-04-12
20210727,2021,3,7,July     ,31,Tuesday,3,208,2021-07-27
20230825,2023,3,8,August   ,34,Friday,6,237,2023-08-25
20200505,2020,2,5,May      ,19,Tuesday,3,126,2020-05-05
20231204,2023,4,12,December ,49,Monday,2,338,2023-12-04
20231023,2023,4,10,October  ,43,Monday,2,296,2023-10-23
20190813,2019,3,8,August   ,33,Tuesday,3,225,2019-08-13
20210823,2021,3,8,August   ,35,Monday,2,235,2021-08-23
20230604,2023,2,6,June     ,23,Sunday,1,155,2023-06-04
20190610,2019,2,6,June     ,24,Monday,2,161,2019-06-10
20200811,2020,3,8,August   ,33,Tuesday,3,224,2020-08-11
20220606,2022,2,6,June     ,24,Monday,2,157,2022-06-06
20231111,2023,4,11,November ,45,Saturday,7,315,2023-11-11
20200401,2020,2,4,April    ,14,Wednesday,4,92,2020-04-01
20230303,2023,1,3,March    ,9,Friday,6,62,2023-03-03
20221121,2022,4,11,November ,48,Monday,2,325,2022-11-21
20231203,2023,4,12,December ,49,Sunday,1,337,2023-12-03
20200418,2020,2,4,April    ,16,Saturday,7,109,2020-04-18
20190714,2019,3,7,July     ,29,Sunday,1,195,2019-07-14
20221128,2022,4,11,November ,49,Monday,2,332,2022-11-28
20231112,2023,4,11,November ,46,Sunday,1,316,2023-11-12
20200123,2020,1,1,January  ,4,Thursday,5,23,2020-01-23
20210603,2021,2,6,June     ,23,Thursday,5,154,2021-06-03
20220812,2022,3,8,August   ,33,Friday,6,224,2022-08-12
20190519,2019,2,5,May      ,21,Sunday,1,139,2019-05-19
20220131,2022,1,1,January  ,6,Monday,2,31,2022-01-31
20240402,2024,2,4,April    ,14,Tuesday,3,93,2024-04-02
20221019,2022,4,10,October  ,43,Wednesday,4,292,2022-10-19
20220108,2022,1,1,January  ,2,Saturday,7,8,2022-01-08
20200915,2020,3,9,September,38,Tuesday,3,259,2020-09-15
20231221,2023,4,12,December ,51,Thursday,5,355,2023-12-21
20220704,2022,3,7,July     ,28,Monday,2,185,2022-07-04
20210427,2021,2,4,April    ,18,Tuesday,3,117,2021-04-27
20231029,2023,4,10,October  ,44,Sunday,1,302,2023-10-29
20221208,2022,4,12,December ,50,Thursday,5,342,2022-12-08
20201215,2020,4,12,December ,51,Tuesday,3,350,2020-12-15
20220126,2022,1,1,January  ,5,Wednesday,4,26,2022-01-26
20191118,2019,4,11,November ,47,Monday,2,322,2019-11-18
20231117,2023,4,11,November ,46,Friday,6,321,2023-11-17
20190820,2019,3,8,August   ,34,Tuesday,3,232,2019-08-20
20231223,2023,4,12,December ,51,Saturday,7,357,2023-12-23
20210120,2021,1,1,January  ,4,Wednesday,4,20,2021-01-20
20220816,2022,3,8,August   ,34,Tuesday,3,228,2022-08-16
20200609,2020,2,6,June     ,24,Tuesday,3,161,2020-06-09
20201015,2020,4,10,October  ,42,Thursday,5,289,2020-10-15
20200321,2020,1,3,March    ,12,Saturday,7,81,2020-03-21
20220828,2022,3,8,August   ,36,Sunday,1,240,2022-08-28
20220809,2022,3,8,August   ,33,Tuesday,3,221,2022-08-09
20230413,2023,2,4,April    ,15,Thursday,5,103,2023-04-13
20240501,2024,2,5,May      ,18,Wednesday,4,122,2024-05-01
20220705,2022,3,7,July     ,28,Tuesday,3,186,2022-07-05
20240304,2024,1,3,March    ,10,Monday,2,64,2024-03-04
20220319,2022,1,3,March    ,12,Saturday,7,78,2022-03-19
20230119,2023,1,1,January  ,3,Thursday,5,19,2023-01-19
20220318,2022,1,3,March    ,12,Friday,6,77,2022-03-18
20201117,2020,4,11,November ,47,Tuesday,3,322,2020-11-17
20230607,2023,2,6,June     ,23,Wednesday,4,158,2023-06-07
20210926,2021,3,9,September,40,Sunday,1,269,2021-09-26
20190923,2019,3,9,September,39,Monday,2,266,2019-09-23
20221230,2022,4,12,December ,53,Friday,6,364,2022-12-30
20230114,2023,1,1,January  ,2,Saturday,7,14,2023-01-14
20230828,2023,3,8,August   ,35,Monday,2,240,2023-08-28
20211007,2021,4,10,October  ,41,Thursday,5,280,2021-10-07
20210908,2021,3,9,September,37,Wednesday,4,251,2021-09-08
20231017,2023,4,10,October  ,42,Tuesday,3,290,2023-10-17
20220907,2022,3,9,September,37,Wednesday,4,250,2022-09-07
20240422,2024,2,4,April    ,17,Monday,2,113,2024-04-22
20200608,2020,2,6,June     ,24,Monday,2,160,2020-06-08
20220427,2022,2,4,April    ,18,Wednesday,4,117,2022-04-27
20190523,2019,2,5,May      ,21,Thursday,5,143,2019-05-23
20211031,2021,4,10,October  ,45,Sunday,1,304,2021-10-31
20230407,2023,2,4,April    ,14,Friday,6,97,2023-04-07
20220925,2022,3,9,September,40,Sunday,1,268,2022-09-25
20200508,2020,2,5,May      ,19,Friday,6,129,2020-05-08
20230425,2023,2,4,April    ,17,Tuesday,3,115,2023-04-25
20240211,2024,1,2,February ,7,Sunday,1,42,2024-02-11
20231003,2023,4,10,October  ,40,Tuesday,3,276,2023-10-03
20220712,2022,3,7,July     ,29,Tuesday,3,193,2022-07-12
20230203,2023,1,2,February ,5,Friday,6,34,2023-02-03
20211003,2021,4,10,October  ,41,Sunday,1,276,2021-10-03
20240504,2024,2,5,May      ,18,Saturday,7,125,2024-05-04
20210317,2021,1,3,March    ,12,Wednesday,4,76,2021-03-17
20190525,2019,2,5,May      ,21,Saturday,7,145,2019-05-25
20220407,2022,2,4,April    ,15,Thursday,5,97,2022-04-07
20220829,2022,3,8,August   ,36,Monday,2,241,2022-08-29
20230830,2023,3,8,August   ,35,Wednesday,4,242,2023-08-30
20220118,2022,1,1,January  ,4,Tuesday,3,18,2022-01-18
20230829,2023,3,8,August   ,35,Tuesday,3,241,2023-08-29
20200326,2020,1,3,March    ,13,Thursday,5,86,2020-03-26
20220130,2022,1,1,January  ,6,Sunday,1,30,2022-01-30
20210216,2021,1,2,February ,8,Tuesday,3,47,2021-02-16
20210826,2021,3,8,August   ,35,Thursday,5,238,2021-08-26
20210626,2021,2,6,June     ,26,Saturday,7,177,2021-06-26
20240203,2024,1,2,February ,5,Saturday,7,34,2024-02-03
20240119,2024,1,1,January  ,3,Friday,6,19,2024-01-19
20210911,2021,3,9,September,37,Saturday,7,254,2021-09-11
20210529,2021,2,5,May      ,22,Saturday,7,149,2021-05-29
20210305,2021,1,3,March    ,10,Friday,6,64,2021-03-05
20200824,2020,3,8,August   ,35,Monday,2,237,2020-08-24
20220426,2022,2,4,April    ,18,Tuesday,3,116,2022-04-26
20190530,2019,2,5,May      ,22,Thursday,5,150,2019-05-30
20220711,2022,3,7,July     ,29,Monday,2,192,2022-07-11
20190621,2019,2,6,June     ,25,Friday,6,172,2019-06-21
20201109,2020,4,11,November ,46,Monday,2,314,2020-11-09
20201105,2020,4,11,November ,45,Thursday,5,310,2020-11-05
20210324,2021,1,3,March    ,13,Wednesday,4,83,2021-03-24
20190715,2019,3,7,July     ,29,Monday,2,196,2019-07-15
20210207,2021,1,2,February ,7,Sunday,1,38,2021-02-07
20220627,2022,2,6,June     ,27,Monday,2,178,2022-06-27
20210508,2021,2,5,May      ,19,Saturday,7,128,2021-05-08
20220113,2022,1,1,January  ,3,Thursday,5,13,2022-01-13
20220305,2022,1,3,March    ,10,Saturday,7,64,2022-03-05
20240318,2024,1,3,March    ,12,Monday,2,78,2024-03-18
20201127,2020,4,11,November ,48,Friday,6,332,2020-11-27
20211209,2021,4,12,December ,50,Thursday,5,343,2021-12-09
20220520,2022,2,5,May      ,21,Friday,6,140,2022-05-20
20210210,2021,1,2,February ,7,Wednesday,4,41,2021-02-10
20220728,2022,3,7,July     ,31,Thursday,5,209,2022-07-28
20211108,2021,4,11,November ,46,Monday,2,312,2021-11-08
20200526,2020,2,5,May      ,22,Tuesday,3,147,2020-05-26
20221018,2022,4,10,October  ,43,Tuesday,3,291,2022-10-18
20231009,2023,4,10,October  ,41,Monday,2,282,2023-10-09
20200517,2020,2,5,May      ,21,Sunday,1,138,2020-05-17
20191126,2019,4,11,November ,48,Tuesday,3,330,2019-11-26
20220524,2022,2,5,May      ,22,Tuesday,3,144,2022-05-24
20190916,2019,3,9,September,38,Monday,2,259,2019-09-16
20220303,2022,1,3,March    ,10,Thursday,5,62,2022-03-03
20211103,2021,4,11,November ,45,Wednesday,4,307,2021-11-03
20230309,2023,1,3,March    ,10,Thursday,5,68,2023-03-09
20200301,2020,1,3,March    ,10,Sunday,1,61,2020-03-01
20231002,2023,4,10,October  ,40,Monday,2,275,2023-10-02
20230906,2023,3,9,September,36,Wednesday,4,249,2023-09-06
20200823,2020,3,8,August   ,35,Sunday,1,236,2020-08-23
20230322,2023,1,3,March    ,12,Wednesday,4,81,2023-03-22
20200902,2020,3,9,September,36,Wednesday,4,246,2020-09-02
20201107,2020,4,11,November ,45,Saturday,7,312,2020-11-07
20211220,2021,4,12,December ,52,Monday,2,354,2021-12-20
20221010,2022,4,10,October  ,42,Monday,2,283,2022-10-10
20200407,2020,2,4,April    ,15,Tuesday,3,98,2020-04-07
20231030,2023,4,10,October  ,44,Monday,2,303,2023-10-30
20201208,2020,4,12,December ,50,Tuesday,3,343,2020-12-08
20230416,2023,2,4,April    ,16,Sunday,1,106,2023-04-16
20221109,2022,4,11,November ,46,Wednesday,4,313,2022-11-09
20231105,2023,4,11,November ,45,Sunday,1,309,2023-11-05
20201005,2020,4,10,October  ,41,Monday,2,279,2020-10-05
20230902,2023,3,9,September,35,Saturday,7,245,2023-09-02
20191002,2019,4,10,October  ,40,Wednesday,4,275,2019-10-02
20211102,2021,4,11,November ,45,Tuesday,3,306,2021-11-02
20230117,2023,1,1,January  ,3,Tuesday,3,17,2023-01-17
20221030,2022,4,10,October  ,45,Sunday,1,303,2022-10-30
20240110,2024,1,1,January  ,2,Wednesday,4,10,2024-01-10
20210421,2021,2,4,April    ,17,Wednesday,4,111,2021-04-21
20201210,2020,4,12,December ,50,Thursday,5,345,2020-12-10
20200128,2020,1,1,January  ,5,Tuesday,3,28,2020-01-28
20210518,2021,2,5,May      ,21,Tuesday,3,138,2021-05-18
20221008,2022,4,10,October  ,41,Saturday,7,281,2022-10-08
20200417,2020,2,4,April    ,16,Friday,6,108,2020-04-17
20231027,2023,4,10,October  ,43,Friday,6,300,2023-10-27
20210601,2021,2,6,June     ,23,Tuesday,3,152,2021-06-01
20210623,2021,2,6,June     ,26,Wednesday,4,174,2021-06-23
20210205,2021,1,2,February ,6,Friday,6,36,2021-02-05
20230920,2023,3,9,September,38,Wednesday,4,263,2023-09-20
20231005,2023,4,10,October  ,40,Thursday,5,278,2023-10-05
20200521,2020,2,5,May      ,21,Thursday,5,142,2020-05-21
20220401,2022,2,4,April    ,14,Friday,6,91,2022-04-01
20220420,2022,2,4,April    ,17,Wednesday,4,110,2022-04-20
20231129,2023,4,11,November ,48,Wednesday,4,333,2023-11-29
20211223,2021,4,12,December ,52,Thursday,5,357,2021-12-23
20200628,2020,2,6,June     ,27,Sunday,1,180,2020-06-28
20230919,2023,3,9,September,38,Tuesday,3,262,2023-09-19
20211117,2021,4,11,November ,47,Wednesday,4,321,2021-11-17
20210228,2021,1,2,February ,10,Sunday,1,59,2021-02-28
20220309,2022,1,3,March    ,11,Wednesday,4,68,2022-03-09
20221123,2022,4,11,November ,48,Wednesday,4,327,2022-11-23
20191009,2019,4,10,October  ,41,Wednesday,4,282,2019-10-09
20191117,2019,4,11,November ,47,Sunday,1,321,2019-11-17
20240316,2024,1,3,March    ,11,Saturday,7,76,2024-03-16
20240419,2024,2,4,April    ,16,Friday,6,110,2024-04-19
20221105,2022,4,11,November ,45,Saturday,7,309,2022-11-05
20201009,2020,4,10,October  ,41,Friday,6,283,2020-10-09
20240502,2024,2,5,May      ,18,Thursday,5,123,2024-05-02
20211203,2021,4,12,December ,49,Friday,6,337,2021-12-03
20210301,2021,1,3,March    ,10,Monday,2,60,2021-03-01
20210130,2021,1,1,January  ,5,Saturday,7,30,2021-01-30
20230910,2023,3,9,September,37,Sunday,1,253,2023-09-10
20200519,2020,2,5,May      ,21,Tuesday,3,140,2020-05-19
20200327,2020,1,3,March    ,13,Friday,6,87,2020-03-27
20201016,2020,4,10,October  ,42,Friday,6,290,2020-10-16
20220224,2022,1,2,February ,9,Thursday,5,55,2022-02-24
20210420,2021,2,4,April    ,17,Tuesday,3,110,2021-04-20
20221028,2022,4,10,October  ,44,Friday,6,301,2022-10-28
20230323,2023,1,3,March    ,12,Thursday,5,82,2023-03-23
20210708,2021,3,7,July     ,28,Thursday,5,189,2021-07-08
20210921,2021,3,9,September,39,Tuesday,3,264,2021-09-21
20210829,2021,3,8,August   ,36,Sunday,1,241,2021-08-29
20190623,2019,2,6,June     ,26,Sunday,1,174,2019-06-23
20200224,2020,1,2,February ,9,Monday,2,55,2020-02-24
20230527,2023,2,5,May      ,21,Saturday,7,147,2023-05-27
20200605,2020,2,6,June     ,23,Friday,6,157,2020-06-05
20210322,2021,1,3,March    ,13,Monday,2,81,2021-03-22
20220404,2022,2,4,April    ,15,Monday,2,94,2022-04-04
20200928,2020,3,9,September,40,Monday,2,272,2020-09-28
20200822,2020,3,8,August   ,34,Saturday,7,235,2020-08-22
20210220,2021,1,2,February ,8,Saturday,7,51,2021-02-20
20210221,2021,1,2,February ,9,Sunday,1,52,2021-02-21
20200916,2020,3,9,September,38,Wednesday,4,260,2020-09-16
20220526,2022,2,5,May      ,22,Thursday,5,146,2022-05-26
20200211,2020,1,2,February ,7,Tuesday,3,42,2020-02-11
20210520,2021,2,5,May      ,21,Thursday,5,140,2021-05-20
20220402,2022,2,4,April    ,14,Saturday,7,92,2022-04-02
20221203,2022,4,12,December ,49,Saturday,7,337,2022-12-03
20220515,2022,2,5,May      ,21,Sunday,1,135,2022-05-15
20191110,2019,4,11,November ,46,Sunday,1,314,2019-11-10
20210930,2021,3,9,September,40,Thursday,5,273,2021-09-30
20230121,2023,1,1,January  ,3,Saturday,7,21,2023-01-21
20230915,2023,3,9,September,37,Friday,6,258,2023-09-15
20210602,2021,2,6,June     ,23,Wednesday,4,153,2021-06-02
20220908,2022,3,9,September,37,Thursday,5,251,2022-09-08
20231225,2023,4,12,December ,52,Monday,2,359,2023-12-25
20210416,2021,2,4,April    ,16,Friday,6,106,2021-04-16
20190716,2019,3,7,July     ,29,Tuesday,3,197,2019-07-16
20220602,2022,2,6,June     ,23,Thursday,5,153,2022-06-02
20230401,2023,2,4,April    ,13,Saturday,7,91,2023-04-01
20220502,2022,2,5,May      ,19,Monday,2,122,2022-05-02
20200802,2020,3,8,August   ,32,Sunday,1,215,2020-08-02
20220523,2022,2,5,May      ,22,Monday,2,143,2022-05-23
20230720,2023,3,7,July     ,29,Thursday,5,201,2023-07-20
20210415,2021,2,4,April    ,16,Thursday,5,105,2021-04-15
20220326,2022,1,3,March    ,13,Saturday,7,85,2022-03-26
20200421,2020,2,4,April    ,17,Tuesday,3,112,2020-04-21
20230506,2023,2,5,May      ,18,Saturday,7,126,2023-05-06
20211124,2021,4,11,November ,48,Wednesday,4,328,2021-11-24
20210112,2021,1,1,January  ,3,Tuesday,3,12,2021-01-12
20190921,2019,3,9,September,38,Saturday,7,264,2019-09-21
20240323,2024,1,3,March    ,12,Saturday,7,83,2024-03-23
20200624,2020,2,6,June     ,26,Wednesday,4,176,2020-06-24
20230603,2023,2,6,June     ,22,Saturday,7,154,2023-06-03
20220106,2022,1,1,January  ,2,Thursday,5,6,2022-01-06
20220317,2022,1,3,March    ,12,Thursday,5,76,2022-03-17
20200619,2020,2,6,June     ,25,Friday,6,171,2020-06-19
20220127,2022,1,1,January  ,5,Thursday,5,27,2022-01-27
20230211,2023,1,2,February ,6,Saturday,7,42,2023-02-11
20220713,2022,3,7,July     ,29,Wednesday,4,194,2022-07-13
20231216,2023,4,12,December ,50,Saturday,7,350,2023-12-16
20190705,2019,3,7,July     ,27,Friday,6,186,2019-07-05
20200702,2020,3,7,July     ,27,Thursday,5,184,2020-07-02
20210825,2021,3,8,August   ,35,Wednesday,4,237,2021-08-25
20200317,2020,1,3,March    ,12,Tuesday,3,77,2020-03-17
20220629,2022,2,6,June     ,27,Wednesday,4,180,2022-06-29
20190713,2019,3,7,July     ,28,Saturday,7,194,2019-07-13
20220425,2022,2,4,April    ,18,Monday,2,115,2022-04-25
20200918,2020,3,9,September,38,Friday,6,262,2020-09-18
20240425,2024,2,4,April    ,17,Thursday,5,116,2024-04-25
20240313,2024,1,3,March    ,11,Wednesday,4,73,2024-03-13
20231008,2023,4,10,October  ,41,Sunday,1,281,2023-10-08
20200113,2020,1,1,January  ,3,Monday,2,13,2020-01-13
20230725,2023,3,7,July     ,30,Tuesday,3,206,2023-07-25
20201028,2020,4,10,October  ,44,Wednesday,4,302,2020-10-28
20240123,2024,1,1,January  ,4,Tuesday,3,23,2024-01-23
20240219,2024,1,2,February ,8,Monday,2,50,2024-02-19
20200426,2020,2,4,April    ,18,Sunday,1,117,2020-04-26
20220207,2022,1,2,February ,7,Monday,2,38,2022-02-07
20201113,2020,4,11,November ,46,Friday,6,318,2020-11-13
20200308,2020,1,3,March    ,11,Sunday,1,68,2020-03-08
20240216,2024,1,2,February ,7,Friday,6,47,2024-02-16
20240215,2024,1,2,February ,7,Thursday,5,46,2024-02-15
20220206,2022,1,2,February ,7,Sunday,1,37,2022-02-06
20221104,2022,4,11,November ,45,Friday,6,308,2022-11-04
20221227,2022,4,12,December ,53,Tuesday,3,361,2022-12-27
20200408,2020,2,4,April    ,15,Wednesday,4,99,2020-04-08
20190907,2019,3,9,September,36,Saturday,7,250,2019-09-07
20191005,2019,4,10,October  ,40,Saturday,7,278,2019-10-05
20190712,2019,3,7,July     ,28,Friday,6,193,2019-07-12
20220321,2022,1,3,March    ,13,Monday,2,80,2022-03-21
20200502,2020,2,5,May      ,18,Saturday,7,123,2020-05-02
20210214,2021,1,2,February ,8,Sunday,1,45,2021-02-14
20210714,2021,3,7,July     ,29,Wednesday,4,195,2021-07-14
20221223,2022,4,12,December ,52,Friday,6,357,2022-12-23
20220821,2022,3,8,August   ,35,Sunday,1,233,2022-08-21
20221103,2022,4,11,November ,45,Thursday,5,307,2022-11-03
20230328,2023,1,3,March    ,13,Tuesday,3,87,2023-03-28
20220927,2022,3,9,September,40,Tuesday,3,270,2022-09-27
20210807,2021,3,8,August   ,32,Saturday,7,219,2021-08-07
20220607,2022,2,6,June     ,24,Tuesday,3,158,2022-06-07
20231022,2023,4,10,October  ,43,Sunday,1,295,2023-10-22
20210902,2021,3,9,September,36,Thursday,5,245,2021-09-02
20210223,2021,1,2,February ,9,Tuesday,3,54,2021-02-23
20221221,2022,4,12,December ,52,Wednesday,4,355,2022-12-21
20200914,2020,3,9,September,38,Monday,2,258,2020-09-14
20201231,2020,4,12,December ,1,Thursday,5,366,2020-12-31
20231214,2023,4,12,December ,50,Thursday,5,348,2023-12-14
20220119,2022,1,1,January  ,4,Wednesday,4,19,2022-01-19
20200614,2020,2,6,June     ,25,Sunday,1,166,2020-06-14
20221004,2022,4,10,October  ,41,Tuesday,3,277,2022-10-04
20230623,2023,2,6,June     ,25,Friday,6,174,2023-06-23
20221016,2022,4,10,October  ,43,Sunday,1,289,2022-10-16
20211128,2021,4,11,November ,49,Sunday,1,332,2021-11-28
20240101,2024,1,1,January  ,1,Monday,2,1,2024-01-01
20230728,2023,3,7,July     ,30,Friday,6,209,2023-07-28
20210501,2021,2,5,May      ,18,Saturday,7,121,2021-05-01
20200908,2020,3,9,September,37,Tuesday,3,252,2020-09-08
20220413,2022,2,4,April    ,16,Wednesday,4,103,2022-04-13
20190529,2019,2,5,May      ,22,Wednesday,4,149,2019-05-29
20231219,2023,4,12,December ,51,Tuesday,3,353,2023-12-19
20231207,2023,4,12,December ,49,Thursday,5,341,2023-12-07
20231115,2023,4,11,November ,46,Wednesday,4,319,2023-11-15
20231218,2023,4,12,December ,51,Monday,2,352,2023-12-18
20240311,2024,1,3,March    ,11,Monday,2,71,2024-03-11
20200826,2020,3,8,August   ,35,Wednesday,4,239,2020-08-26
20210516,2021,2,5,May      ,21,Sunday,1,136,2021-05-16
20210818,2021,3,8,August   ,34,Wednesday,4,230,2021-08-18
20191128,2019,4,11,November ,48,Thursday,5,332,2019-11-28
20230321,2023,1,3,March    ,12,Tuesday,3,80,2023-03-21
20190719,2019,3,7,July     ,29,Friday,6,200,2019-07-19
20210107,2021,1,1,January  ,2,Thursday,5,7,2021-01-07
20220725,2022,3,7,July     ,31,Monday,2,206,2022-07-25
20200831,2020,3,8,August   ,36,Monday,2,244,2020-08-31
20230710,2023,3,7,July     ,28,Monday,2,191,2023-07-10
20211012,2021,4,10,October  ,42,Tuesday,3,285,2021-10-12
20200713,2020,3,7,July     ,29,Monday,2,195,2020-07-13
20221222,2022,4,12,December ,52,Thursday,5,356,2022-12-22
20211210,2021,4,12,December ,50,Friday,6,344,2021-12-10
20231013,2023,4,10,October  ,41,Friday,6,286,2023-10-13
20220528,2022,2,5,May      ,22,Saturday,7,148,2022-05-28
20200730,2020,3,7,July     ,31,Thursday,5,212,2020-07-30
20190909,2019,3,9,September,37,Monday,2,252,2019-09-09
20200528,2020,2,5,May      ,22,Thursday,5,149,2020-05-28
20210805,2021,3,8,August   ,32,Thursday,5,217,2021-08-05
20200714,2020,3,7,July     ,29,Tuesday,3,196,2020-07-14
20210526,2021,2,5,May      ,22,Wednesday,4,146,2021-05-26
20190814,2019,3,8,August   ,33,Wednesday,4,226,2019-08-14
20201213,2020,4,12,December ,51,Sunday,1,348,2020-12-13
20230207,2023,1,2,February ,6,Tuesday,3,38,2023-02-07
20210901,2021,3,9,September,36,Wednesday,4,244,2021-09-01
20220227,2022,1,2,February ,10,Sunday,1,58,2022-02-27
20210527,2021,2,5,May      ,22,Thursday,5,147,2021-05-27
20240225,2024,1,2,February ,9,Sunday,1,56,2024-02-25
20190607,2019,2,6,June     ,23,Friday,6,158,2019-06-07
20220509,2022,2,5,May      ,20,Monday,2,129,2022-05-09
20221126,2022,4,11,November ,48,Saturday,7,330,2022-11-26
20210519,2021,2,5,May      ,21,Wednesday,4,139,2021-05-19
20210218,2021,1,2,February ,8,Thursday,5,49,2021-02-18
20211020,2021,4,10,October  ,43,Wednesday,4,293,2021-10-20
20221205,2022,4,12,December ,50,Monday,2,339,2022-12-05
20240424,2024,2,4,April    ,17,Wednesday,4,115,2024-04-24
20230713,2023,3,7,July     ,28,Thursday,5,194,2023-07-13
20211123,2021,4,11,November ,48,Tuesday,3,327,2021-11-23
20190531,2019,2,5,May      ,22,Friday,6,151,2019-05-31
20200523,2020,2,5,May      ,21,Saturday,7,144,2020-05-23
20211005,2021,4,10,October  ,41,Tuesday,3,278,2021-10-05
20210405,2021,2,4,April    ,15,Monday,2,95,2021-04-05
20200504,2020,2,5,May      ,19,Monday,2,125,2020-05-04
20220806,2022,3,8,August   ,32,Saturday,7,218,2022-08-06
20210209,2021,1,2,February ,7,Tuesday,3,40,2021-02-09
20220531,2022,2,5,May      ,23,Tuesday,3,151,2022-05-31
20240328,2024,1,3,March    ,13,Thursday,5,88,2024-03-28
20240418,2024,2,4,April    ,16,Thursday,5,109,2024-04-18
20191211,2019,4,12,December ,50,Wednesday,4,345,2019-12-11
20200106,2020,1,1,January  ,2,Monday,2,6,2020-01-06
20221023,2022,4,10,October  ,44,Sunday,1,296,2022-10-23
20210108,2021,1,1,January  ,2,Friday,6,8,2021-01-08
20200625,2020,2,6,June     ,26,Thursday,5,177,2020-06-25
20231020,2023,4,10,October  ,42,Friday,6,293,2023-10-20
20201007,2020,4,10,October  ,41,Wednesday,4,281,2020-10-07
20201008,2020,4,10,October  ,41,Thursday,5,282,2020-10-08
20230525,2023,2,5,May      ,21,Thursday,5,145,2023-05-25
20200512,2020,2,5,May      ,20,Tuesday,3,133,2020-05-12
20200924,2020,3,9,September,39,Thursday,5,268,2020-09-24
20201114,2020,4,11,November ,46,Saturday,7,319,2020-11-14
20201031,2020,4,10,October  ,44,Saturday,7,305,2020-10-31
20230927,2023,3,9,September,39,Wednesday,4,270,2023-09-27
20210127,2021,1,1,January  ,5,Wednesday,4,27,2021-01-27
20200920,2020,3,9,September,39,Sunday,1,264,2020-09-20
20230721,2023,3,7,July     ,29,Friday,6,202,2023-07-21
20220423,2022,2,4,April    ,17,Saturday,7,113,2022-04-23
20210806,2021,3,8,August   ,32,Friday,6,218,2021-08-06
20191223,2019,4,12,December ,52,Monday,2,357,2019-12-23
20220719,2022,3,7,July     ,30,Tuesday,3,200,2022-07-19
20220915,2022,3,9,September,38,Thursday,5,258,2022-09-15
20220217,2022,1,2,February ,8,Thursday,5,48,2022-02-17
20200201,2020,1,2,February ,5,Saturday,7,32,2020-02-01
20210811,2021,3,8,August   ,33,Wednesday,4,223,2021-08-11
20230520,2023,2,5,May      ,20,Saturday,7,140,2023-05-20
20220514,2022,2,5,May      ,20,Saturday,7,134,2022-05-14
20210730,2021,3,7,July     ,31,Friday,6,211,2021-07-30
20230916,2023,3,9,September,37,Saturday,7,259,2023-09-16
20230508,2023,2,5,May      ,19,Monday,2,128,2023-05-08
20201229,2020,4,12,December ,1,Tuesday,3,364,2020-12-29
20191012,2019,4,10,October  ,41,Saturday,7,285,2019-10-12
20210903,2021,3,9,September,36,Friday,6,246,2021-09-03
20211204,2021,4,12,December ,49,Saturday,7,338,2021-12-04
20211004,2021,4,10,October  ,41,Monday,2,277,2021-10-04
20210504,2021,2,5,May      ,19,Tuesday,3,124,2021-05-04
20200215,2020,1,2,February ,7,Saturday,7,46,2020-02-15
20220220,2022,1,2,February ,9,Sunday,1,51,2022-02-20
20221211,2022,4,12,December ,51,Sunday,1,345,2022-12-11
20201024,2020,4,10,October  ,43,Saturday,7,298,2020-10-24
20220830,2022,3,8,August   ,36,Tuesday,3,242,2022-08-30
20201211,2020,4,12,December ,50,Friday,6,346,2020-12-11
20190703,2019,3,7,July     ,27,Wednesday,4,184,2019-07-03
20220508,2022,2,5,May      ,20,Sunday,1,128,2022-05-08
20210326,2021,1,3,March    ,13,Friday,6,85,2021-03-26
20221214,2022,4,12,December ,51,Wednesday,4,348,2022-12-14
20240212,2024,1,2,February ,7,Monday,2,43,2024-02-12
20221107,2022,4,11,November ,46,Monday,2,311,2022-11-07
20210510,2021,2,5,May      ,20,Monday,2,130,2021-05-10
20220312,2022,1,3,March    ,11,Saturday,7,71,2022-03-12
20240302,2024,1,3,March    ,9,Saturday,7,62,2024-03-02
20240108,2024,1,1,January  ,2,Monday,2,8,2024-01-08
20220510,2022,2,5,May      ,20,Tuesday,3,130,2022-05-10
20190514,2019,2,5,May      ,20,Tuesday,3,134,2019-05-14
20190924,2019,3,9,September,39,Tuesday,3,267,2019-09-24
20211022,2021,4,10,October  ,43,Friday,6,295,2021-10-22
20220923,2022,3,9,September,39,Friday,6,266,2022-09-23
20210812,2021,3,8,August   ,33,Thursday,5,224,2021-08-12
20190510,2019,2,5,May      ,19,Friday,6,130,2019-05-10
20231110,2023,4,11,November ,45,Friday,6,314,2023-11-10
20230717,2023,3,7,July     ,29,Monday,2,198,2023-07-17
20231116,2023,4,11,November ,46,Thursday,5,320,2023-11-16
20210828,2021,3,8,August   ,35,Saturday,7,240,2021-08-28
20200527,2020,2,5,May      ,22,Wednesday,4,148,2020-05-27
20240421,2024,2,4,April    ,17,Sunday,1,112,2024-04-21
20200630,2020,2,6,June     ,27,Tuesday,3,182,2020-06-30
20201128,2020,4,11,November ,48,Saturday,7,333,2020-11-28
20210731,2021,3,7,July     ,31,Saturday,7,212,2021-07-31
20240223,2024,1,2,February ,8,Friday,6,54,2024-02-23
20211230,2021,4,12,December ,1,Thursday,5,364,2021-12-30
20211212,2021,4,12,December ,51,Sunday,1,346,2021-12-12
20210128,2021,1,1,January  ,5,Thursday,5,28,2021-01-28
20220104,2022,1,1,January  ,2,Tuesday,3,4,2022-01-04
20230305,2023,1,3,March    ,10,Sunday,1,64,2023-03-05
20190901,2019,3,9,September,36,Sunday,1,244,2019-09-01
20220403,2022,2,4,April    ,15,Sunday,1,93,2022-04-03
20230412,2023,2,4,April    ,15,Wednesday,4,102,2023-04-12
20220218,2022,1,2,February ,8,Friday,6,49,2022-02-18
20231231,2023,4,12,December ,1,Sunday,1,365,2023-12-31
20230903,2023,3,9,September,36,Sunday,1,246,2023-09-03
20210920,2021,3,9,September,39,Monday,2,263,2021-09-20
20190917,2019,3,9,September,38,Tuesday,3,260,2019-09-17
20230424,2023,2,4,April    ,17,Monday,2,114,2023-04-24
20200510,2020,2,5,May      ,20,Sunday,1,131,2020-05-10
20221025,2022,4,10,October  ,44,Tuesday,3,298,2022-10-25
20240107,2024,1,1,January  ,2,Sunday,1,7,2024-01-07
20220103,2022,1,1,January  ,2,Monday,2,3,2022-01-03
20211018,2021,4,10,October  ,43,Monday,2,291,2021-10-18
20230907,2023,3,9,September,36,Thursday,5,250,2023-09-07
20240229,2024,1,2,February ,9,Thursday,5,60,2024-02-29
20240127,2024,1,1,January  ,4,Saturday,7,27,2024-01-27
20210502,2021,2,5,May      ,19,Sunday,1,122,2021-05-02
